id,name,type,duration,url
14246675,unknown,camera-movement,0,
14246677,SmartMotionI,camera-movement,0,
28175546,LensLock_face_skeleton,camera_tracking,0,
28175562,unknown,camera_tracking,0,
29761512,LensLock_detection_Algo,camera_tracking,0,
6969198138909363492,复古 电视故障雪花屏转场背景,unknown,0,
6969198370221018382,故障雪花屏,unknown,1000,https://v26-artist.vlabvod.com/cbc255fb2a7bf5483b2d9776949ba75b/69b128bd/video/tos/cn/tos-cn-v-436d67/c9fc200f5f7546b48ced105101fa7fda/?a=4066&ch=0&cr=0&dr=0&er=0&cd=0%7C0%7C0%7C0&br=350&bt=350&cs=0&ds=3&ft=yg8SInYYwAGRXbMxqfuJwFU268agO29BM5ThRiZcEnJNR7mmlNzt_Nqq0D6UxMf&mime_type=video_mp4&qs=0&rc=NDRkNTU0OTc1aDc8MzRpaUBpanI2NWl4b3JzNTMzNDZlM0AvYTAyLmEvNWIxMGBiX14yYSNtcXBxbWJpNm9gLS1kYC9zcw%3D%3D&btag=c0000e00008000&dy_q=1772613180&l=20260304163259102D8CF1272B8DAF2715
6969198370221034766,故障雪花屏,unknown,1000,https://v26-artist.vlabvod.com/85b8fc36d7d59a8e59777c7324a56f79/69b128bd/video/tos/cn/tos-cn-v-436d67/9a1d0851ad1347409a1efedb53b23698/?a=4066&ch=0&cr=0&dr=0&er=0&cd=0%7C0%7C0%7C0&br=397&bt=397&cs=0&ds=3&ft=yg8SInYYwAGRXbMxqfuJwFU268agO29BM5ThRiZcEnJNR7mmlNzt_Nqq0D6UxMf&mime_type=video_mp4&qs=0&rc=OzMzPDs4ZTwzMzRkMzVlZkBpanByc2t5ZnlzNTMzNDZlM0A0YTReMy4vNWAxYGAzNV9jYSMzaGFeX2FlNm9gLS1kYC9zcw%3D%3D&btag=c0000e00008000&dy_q=1772613180&l=20260304163259102D8CF1272B8DAF2715
6969198833926491428,复古 故障雪花屏,unknown,1000,https://v26-artist.vlabvod.com/be03c1b60a6d49098717755125ba3efb/69b128c0/video/tos/cn/tos-cn-v-436d67/17d347df100c482896b63902d8e19ae3/?a=4066&ch=0&cr=0&dr=0&er=0&cd=0%7C0%7C0%7C0&br=579&bt=579&cs=0&ds=3&ft=yg8SInYYwAGRXbMxqfuJwFU268agD29BM5ThRiZcEnJNR7mmlNzt_Nqq0D6UxMf&mime_type=video_mp4&qs=0&rc=ZGY3ZDw7ZDs3NWQ2OGdpNEBpMzhtOzd0dnJzNTMzNDZlM0BgMS5iXy9jNi0xYWBjYi9hYSNnNTRkcWBrNm9gLS1kYC9zcw%3D%3D&btag=c0000e00008000&dy_q=1772613183&l=20260304163303714D3E93D5CE940C230E
6969200519621528869,潮酷片头 手机充电完成界面,unknown,0,
6969200708755229988,简约片头 vlog文字,unknown,0,
6969200708755279140,潮酷片头 loading界面加载中,unknown,3000,https://v6-artist.vlabvod.com/92b291f07c594270382f19d94b6192a8/69b128cd/video/tos/cn/tos-cn-ve-3011c800/b69c0f2e1f894adc906552b625f2414e/?a=4066&ch=0&cr=0&dr=0&er=0&cd=0%7C0%7C0%7C0&br=1061&bt=1061&cs=0&ds=1&ft=yg8SInYYwAGRXbMxqfuJwFU268agZn9BM5ThRiZcEnJNR7mmlNzt_Nqq0D6UxMf&mime_type=video_mp4&qs=0&rc=aWg2OzY6aDUzOzdlaDxoM0BpamptbHE4OnVzNTMzNDZlM0A2MmI1LS9gNjExYzUzXjYzYSNoNjVnZGFvYG9gLS1kYC9zcw%3D%3D&btag=c0000e00008000&dy_q=1772613194&l=20260304163313712D460A87C93AA1D9B7
6969200777839578375,简约风 3秒倒计时,unknown,0,
6969200777839594759,科技风片头loading界面加载中,unknown,4000,https://v26-artist.vlabvod.com/f02d9e7159fef26916eb461df6f4e995/69b128c2/video/tos/cn/tos-cn-ve-3011c800/d120931402f447fda2baa9c6a35d158d/?a=4066&ch=0&cr=0&dr=0&er=0&cd=0%7C0%7C0%7C0&br=141&bt=141&cs=0&ds=1&ft=yg8SInYYwAGRXbMxqfuJwFU268agD29BM5ThRiZcEnJNR7mmlNzt_Nqq0D6UxMf&mime_type=video_mp4&qs=0&rc=ZGRnZzM8ZmU3aDo3ZTZlNkBpanYzdzo3N3ZzNTMzNDZlM0A2LmE0NmFhNmAxY18wMzJeYSNxbXE1MHExYG9gLS1kYC9zcw%3D%3D&btag=c0000e00008000&dy_q=1772613183&l=20260304163303714D3E93D5CE940C230E
6969200777948564744,简约 vlog文字片头，分享喜欢,unknown,0,
6969200965572447524,复古3秒倒计时片头转场,unknown,2000,https://v6-artist.vlabvod.com/ee985ae892c19483abb40addb4740e55/69b128cc/video/tos/cn/tos-cn-v-436d67/f223c1c1063c446480385a260529a4ea/?a=4066&ch=0&cr=0&dr=0&er=0&cd=0%7C0%7C0%7C0&br=1432&bt=1432&cs=0&ds=3&ft=yg8SInYYwAGRXbMxqfuJwFU268agZn9BM5ThRiZcEnJNR7mmlNzt_Nqq0D6UxMf&mime_type=video_mp4&qs=0&rc=MzY8NDw1NDY2OWc1NGllNUBpand0O3g2ZHVzNTMzNDZlM0BjNS8uNF9gXmIxLTA1LzYuYSMuX15gM19uYG9gLS1kYC9zcw%3D%3D&btag=c0000e00008000&dy_q=1772613194&l=20260304163313712D460A87C93AA1D9B7
6969201044416941342,潮酷 片头loading界面加载中,unknown,0,
6969203859172429092,动漫片尾  the end，结束,unknown,2000,https://v26-artist.vlabvod.com/68b7871a0cdca8f081cb7a743a2d128f/69b128ce/video/tos/cn/tos-cn-v-436d67/01a252d9241d46bd9fad154a15344679/?a=4066&ch=0&cr=0&dr=0&er=0&cd=0%7C0%7C0%7C0&br=917&bt=917&cs=0&ds=3&ft=yg8SInYYwAGRXbMxqfuJwFU268ag.n9BM5ThRiZcEnJNR7mmlNzt_Nqq0D6UxMf&mime_type=video_mp4&qs=0&rc=ZjY2OGhnZmZmZzs5OjY3NEBpM3U0bGc3eXlzNTMzNDZlM0BgL15fLjQxXl4xYl8zMzJgYSNpcXFxb2lsaG9gLS1kYC9zcw%3D%3D&btag=c0000e00008000&dy_q=1772613196&l=202603041633156C66BFE5ACB428A754CF
6969206226177576228,动漫转场 海绵宝宝时间片段，一会儿后,unknown,0,
6969206226177608996,动漫转场 海绵宝宝时间片段，然后，之后，later,unknown,0,https://v26-artist.vlabvod.com/827e
6969206226194418957,动漫转场 海绵宝宝时间片段，两个小时后,unknown,2000,https://v6-artist.vlabvod.com/e99a455ff3be14b01caf5f37555f7f54/69b128c8/video/tos/cn/tos-cn-v-436d67/9444bf70ed48447386c6f9170562568b/?a=4066&ch=0&cr=0&dr=0&er=0&cd=0%7C0%7C0%7C0&br=294&bt=294&cs=0&ds=2&ft=yg8SInYYwAGRXbMxqfuJwFU268agun9BM5ThRiZcEnJNR7mmlNzt_Nqq0D6UxMf&mime_type=video_mp4&qs=0&rc=NGVoNDVoNmVpOGQzaDw6N0BpMztscTwzd3JzNTMzNDZlM0AvXy82YV4zNWAxMGA0YTNjYSMuZ2ZwMmIwbG9gLS1kYC9zcw%3D%3D&btag=c0000e00008000&dy_q=1772613191&l=2026030416331156B8050ACD97694DFDE0
6969206550233713950,动漫转场 海绵宝宝时间片段，两千年后,unknown,0,
6969206831491108110,动漫转场 海绵宝宝时间片段，明天,unknown,1000,https://v6-artist.vlabvod.com/2f0fb9e7380ee865c0b4bf310f218a13/69b128c7/video/tos/cn/tos-cn-v-436d67/cc4436627d504935bc0cfc982633ad7d/?a=4066&ch=0&cr=0&dr=0&er=0&cd=0%7C0%7C0%7C0&br=323&bt=323&cs=0&ds=2&ft=yg8SInYYwAGRXbMxqfuJwFU268agun9BM5ThRiZcEnJNR7mmlNzt_Nqq0D6UxMf&mime_type=video_mp4&qs=0&rc=PGU7ZjlnODVkZWc1NTk3OkBpM2hnajNtd3FzNTMzNDZlM0BhLTY0NjI0NS4xX2M2MF8vYSNyby9vMW9vbG9gLS1kYC9zcw%3D%3D&btag=c0000e00008000&dy_q=1772613191&l=2026030416331156B8050ACD97694DFDE0
6969208122153930021,搞笑片段转场  黑人哭泣,unknown,8000,https://v26-artist.vlabvod.com/22fcd3731444c52f80f032cbd77ca7f1/69b128c3/video/tos/cn/tos-cn-v-436d67/e3b5276001084b9883d5dd906cb70333/?a=4066&ch=0&cr=0&dr=0&er=0&cd=0%7C0%7C0%7C0&br=456&bt=456&cs=0&ds=2&ft=yg8SInYYwAGRXbMxqfuJwFU268agO29BM5ThRiZcEnJNR7mmlNzt_Nqq0D6UxMf&mime_type=video_mp4&qs=0&rc=Z2Y2OWQ8OWQ7aTo0ZWQ2ZUBpM2xoaDN2dnRzNTMzNDZlM0AtXjQ2XzY0X2IxYi4zM14yYSNjZWdnLWZvb29gLS1kYC9zcw%3D%3D&btag=c0000e00008000&dy_q=1772613180&l=20260304163259102D8CF1272B8DAF2715
6969209167580105997,搞笑转场 土拨鼠叫,unknown,6000,https://v26-artist.vlabvod.com/a67e5af54f2b594fdd7bb29bc6471256/69b128c4/video/tos/cn/tos-cn-v-436d67/824ae89223dd466e9046333fb830eacc/?a=4066&ch=0&cr=0&dr=0&er=0&cd=0%7C0%7C0%7C0&br=299&bt=299&cs=0&ds=2&ft=yg8SInYYwAGRXbMxqfuJwFU268agD29BM5ThRiZcEnJNR7mmlNzt_Nqq0D6UxMf&mime_type=video_mp4&qs=0&rc=NGhlODtlOTZoaGg1Z2dlOEBpM3Y6OjZ1b3Z0NTMzNDZlM0BhX2NiNGEvNl8xXjY0NmBiYSMtY21ycS5hLm9gLS1kYC9zcw%3D%3D&btag=c0000e00008000&dy_q=1772613183&l=20260304163303714D3E93D5CE940C230E
6969482009043389704,飘雪，雪花，下雪,unknown,0,
6971036278649261347,透明,unknown,8000,https://v26-artist.vlabvod.com/3c8f8b5dd8529d8b119aeed50e5c0a85/69b128c3/video/tos/cn/tos-cn-v-436d67/oArJhACf2ISNaGKgoiezkYEbKJp7zNkBCrJyib/?a=4066&ch=0&cr=0&dr=0&er=0&cd=0%7C0%7C0%7C0&br=741&bt=741&cs=0&ds=1&ft=yg8SInYYwAGRXbMxqfuJwFU268agO29BM5ThRiZcEnJNR7mmlNzt_Nqq0D6UxMf&mime_type=video_mp4&qs=0&rc=ZjgzNGc8ZTw3Zzk2NGVnOkBpajdpO2c6ZndwcDMzNDZlM0AvYjQxXi8yNWIxYDEwLzQwYSMxYWlocjRnbGFgLS1kYC9zcw%3D%3D&btag=c0000e00008000&dy_q=1772613180&feature_id=59cb2766d89ae6284516c6a254e9fb61&l=20260304163259102D8CF1272B8DAF2715
6971036278649294115,白场,unknown,8000,https://v26-artist.vlabvod.com/3c8f8b5dd8529d8b119aeed50e5c0a85/69b128c3/video/tos/cn/tos-cn-v-436d67/oArJhACf2ISNaGKgoiezkYEbKJp7zNkBCrJyib/?a=4066&ch=0&cr=0&dr=0&er=0&cd=0%7C0%7C0%7C0&br=741&bt=741&cs=0&ds=1&ft=yg8SInYYwAGRXbMxqfuJwFU268agO29BM5ThRiZcEnJNR7mmlNzt_Nqq0D6UxMf&mime_type=video_mp4&qs=0&rc=ZjgzNGc8ZTw3Zzk2NGVnOkBpajdpO2c6ZndwcDMzNDZlM0AvYjQxXi8yNWIxYDEwLzQwYSMxYWlocjRnbGFgLS1kYC9zcw%3D%3D&btag=c0000e00008000&dy_q=1772613180&feature_id=59cb2766d89ae6284516c6a254e9fb61&l=20260304163259102D8CF1272B8DAF2715
6971036565162167586,黑场,unknown,8000,https://v26-artist.vlabvod.com/3c8f8b5dd8529d8b119aeed50e5c0a85/69b128c3/video/tos/cn/tos-cn-v-436d67/oArJhACf2ISNaGKgoiezkYEbKJp7zNkBCrJyib/?a=4066&ch=0&cr=0&dr=0&er=0&cd=0%7C0%7C0%7C0&br=741&bt=741&cs=0&ds=1&ft=yg8SInYYwAGRXbMxqfuJwFU268agO29BM5ThRiZcEnJNR7mmlNzt_Nqq0D6UxMf&mime_type=video_mp4&qs=0&rc=ZjgzNGc8ZTw3Zzk2NGVnOkBpajdpO2c6ZndwcDMzNDZlM0AvYjQxXi8yNWIxYDEwLzQwYSMxYWlocjRnbGFgLS1kYC9zcw%3D%3D&btag=c0000e00008000&dy_q=1772613180&feature_id=59cb2766d89ae6284516c6a254e9fb61&l=20260304163259102D8CF1272B8DAF2715
6974378975602691365,影视 转场 哈哈哈大笑,unknown,3000,https://v26-artist.vlabvod.com/a6eb51f4ca6b2852fe65aa03051988f1/69b128be/video/tos/cn/tos-cn-ve-3011c800/e601fe6d1ebe49abb58b5407057e72ce/?a=4066&ch=0&cr=0&dr=0&er=0&cd=0%7C0%7C0%7C0&br=1216&bt=1216&cs=0&ds=4&ft=yg8SInYYwAGRXbMxqfuJwFU268agO29BM5ThRiZcEnJNR7mmlNzt_Nqq0D6UxMf&mime_type=video_mp4&qs=0&rc=NDtoZjZpNWg4N2ZmZTtmM0BpM2Q5c25tcGR5NjMzNDZlM0AtX2M2NV9hXi0xLzReLV8zYSMxZzA1MmlxLjFgLS1kYC9zcw%3D%3D&btag=c0000e00008000&dy_q=1772613180&l=20260304163259102D8CF1272B8DAF2715
6975313917299985701,影视名场面 转场 文章笑,unknown,0,
6979818902578662687,动漫 打响指 片头转场片尾,unknown,0,
6981641164294196510,搞笑 女人大笑,unknown,0,
6985724651301276958,动漫 呃...  海绵宝宝动漫英文转场,unknown,0,
6985864479066180901,可爱 Vlog片尾 蜡笔小新 ByeBye,unknown,0,
6990164181332806942,简约 爱心点击关注,unknown,0,https://v6-artist.vlabvod.com/de11ac857dc4147454b1be6789073890/69b128cd/video/tos/cn/tos-cn-ve-3011c800/3d40e4bbb01744a9b1353107933a941f/?a=4066&ch=0&cr=0&dr=0&er=0&cd=0%7C0%7C0%7C0&br=341&bt=341&cs=0&ds=4&ft=yg8SInYYwAGRXbMxqfuJwFU268agZn9BM5ThRiZcEnJNR7mmlNzt_Nqq0D6UxMf&mime_type=video_mp4&qs=0&rc=OTo7OzQ5ODw3OGZmNjQ7N0Bpam1kbDM6Zjk1NzMzNDZlM0AvXzMuLjVhNWIxXjBjXy5hYSMuaHFycjQwZi5gLS1kYC9zcw%3D%3D&btag=c0000e00008000&dy_q=1772613194&l=20260304163313712D460A87C93AA1D9B7
6997430869925416223,宠物搞笑猫狗猪鸟 (2388),unknown,7000,https://v6-artist.vlabvod.com/b4c7149fa5fd9294b48746a5a14037d4/69b128d0/video/tos/cn/tos-cn-ve-3011c800/28d7d0e0fd6f45b398fb4b658678c279/?a=4066&ch=0&cr=0&dr=0&er=0&cd=0%7C0%7C0%7C0&br=993&bt=993&cs=0&ds=3&ft=yg8SInYYwAGRXbMxqfuJwFU268agZn9BM5ThRiZcEnJNR7mmlNzt_Nqq0D6UxMf&mime_type=video_mp4&qs=0&rc=PDU5PGg0ODY5NzZlaWdkZEBpajNkcTg6ZnJ5NzMzNDZlM0AvYy9gYGJhXjMxYDYvY15hYSNkcS4xcjRvX2FgLS1kYC9zcw%3D%3D&btag=c0000e00008000&dy_q=1772613194&l=20260304163313712D460A87C93AA1D9B7
6997443394205125902,宠物搞笑猫狗猪鸟 (2404),unknown,0,
6997569683859721509,宠物搞笑 狗生气瞪人,unknown,19000,https://v26-artist.vlabvod.com/2b0cf1ec6e96c0cd5ab7da75feb9b188/69b128d1/video/tos/cn/tos-cn-ve-3011c800/a767872990654c90b1d6f61f25a4ce49/?a=4066&ch=0&cr=0&dr=0&er=0&cd=0%7C0%7C0%7C0&br=291&bt=291&cs=0&ds=3&ft=yg8SInYYwAGRXbMxqfuJwFU268agD29BM5ThRiZcEnJNR7mmlNzt_Nqq0D6UxMf&mime_type=video_mp4&qs=0&rc=Zjw7OmY1aTRpO2k4O2Q0ZkBpM2c7dTY6Znc5NzMzNDZlM0BfXjFeYWM1Xi8xLzYxXzYyYSNuXy8zcjRvX2JgLS1kYC9zcw%3D%3D&btag=c0000e00010000&dy_q=1772613183&l=20260304163303714D3E93D5CE940C230E
7000357617725902093,写实 绿幕电脑 办公,unknown,15000,https://v6-artist.vlabvod.com/1bff5a1352cff79f7c36a591a31d7173/69b128d8/video/tos/cn/tos-cn-ve-3011c800/50a088161b104f248bfd6489cb317ef5/?a=4066&ch=0&cr=0&dr=0&er=0&cd=0%7C0%7C0%7C0&br=1448&bt=1448&cs=0&ds=4&ft=yg8SInYYwAGRXbMxqfuJwFU268agZn9BM5ThRiZcEnJNR7mmlNzt_Nqq0D6UxMf&mime_type=video_mp4&qs=0&rc=MzU2aGhnNDYzaTgzaTY7NEBpanl0OGg6ZnA2NzMzNDZlM0AwMC0yYV5fNjAxLmEuMzUvYSNsbTAwcjRfa2dgLS1kYC9zcw%3D%3D&btag=c0000e00010000&dy_q=1772613194&l=20260304163313712D460A87C93AA1D9B7
7011306183042616583,粒子光斑红绸背景,unknown,40000,https://v26-artist.vlabvod.com/6b9c16d453bcff9261fb9ca725d059c9/69b128e7/video/tos/cn/tos-cn-ve-3011c800/7c052859b6f14f8eb38e5cac92a5a8d7/?a=4066&ch=0&cr=0&dr=0&er=0&cd=0%7C0%7C0%7C0&br=1260&bt=1260&cs=0&ds=1&ft=yg8SInYYwAGRXbMxqfuJwFU268agD29BM5ThRiZcEnJNR7mmlNzt_Nqq0D6UxMf&mime_type=video_mp4&qs=0&rc=O2k7ZGY7PDc1M2lkNGQ4aEBpamo0d2g6ZjVtODMzNDZlM0A1MzNgMjMwNWExNDZhNTA1YSM2cmpocjRfZDNgLS1kYC9zcw%3D%3D&btag=c0000e00018000&dy_q=1772613183&l=20260304163303714D3E93D5CE940C230E
7013718002411523359,片尾 记得关注再走哦,unknown,4000,https://v6-artist.vlabvod.com/dc374508d7ca824c2951c0706914179f/69b128cb/video/tos/cn/tos-cn-v-436d67/b16b57ca48fb425abe9d1764081876d2/?a=4066&ch=0&cr=0&dr=0&er=0&cd=0%7C0%7C0%7C0&br=790&bt=790&cs=0&ds=3&ft=yg8SInYYwAGRXbMxqfuJwFU268agun9BM5ThRiZcEnJNR7mmlNzt_Nqq0D6UxMf&mime_type=video_mp4&qs=0&rc=OmU0Ozk0NmY6OTRlNGg6ZEBpM3Q2ajc6Zmd2ODMzNDZlM0BjXzEyYS8yNjYxNjYzMDRfYSMwbzRncjRvY15gLS1kYDBzcw%3D%3D&btag=c0000e00008000&dy_q=1772613191&l=2026030416331156B8050ACD97694DFDE0
7015798746848038151,Vlog片头  复古动漫风,unknown,0,
7018477496635034894,关注尾标,unknown,0,
7018550847621631245,动漫转场  砰,unknown,0,
7023977665124207903,横屏片尾素材  +关注  简约,unknown,0,
7024020747794337028,军官笑声 影视经典片段,unknown,0,
7028806117534846215,搞笑转场 nice大叔,unknown,3000,https://v26-artist.vlabvod.com/7c64e4c8c47caf94f5bc0732e38f787d/69b128be/video/tos/cn/tos-cn-v-436d67/d675ec616f434719b69989377eef02a0/?a=4066&ch=0&cr=0&dr=0&er=0&cd=0%7C0%7C0%7C0&br=538&bt=538&cs=0&ds=3&ft=yg8SInYYwAGRXbMxqfuJwFU268agO29BM5ThRiZcEnJNR7mmlNzt_Nqq0D6UxMf&mime_type=video_mp4&qs=0&rc=PGZpPDMzaGk3aDU7M2QzOEBpM2hwbzw6ZjpvOTMzNDZlM0AuMTU0XmBiNjUxLmJgLTVhYSNeLV5lcjRvcDJgLS1kYC9zcw%3D%3D&btag=c0000e00008000&dy_q=1772613180&l=20260304163259102D8CF1272B8DAF2715
7142834498437156130,小狗学狼叫 网络搞笑热梗 实景拍摄,unknown,9000,https://v6-artist.vlabvod.com/25504eb06e1c4d727a0834cff640ffd7/69b128cf/video/tos/cn/tos-cn-ve-3011c800/73d8b892d15946bcba59e213a4311fed/?a=4066&ch=0&cr=0&dr=0&er=0&cd=0%7C0%7C0%7C0&br=638&bt=638&cs=0&ds=2&ft=yg8SInYYwAGRXbMxqfuJwFU268agun9BM5ThRiZcEnJNR7mmlNzt_Nqq0D6UxMf&mime_type=video_mp4&qs=0&rc=aTNkZjY7PGZkOzNoN2RnaEBpajhsbjQ6ZnQ6ZjMzNDZlM0BiMWMtYC0tNWIxYjZeNDJgYSMucDJgcjRfcmRgLS1kYC9zcw%3D%3D&btag=c0000e00008000&dy_q=1772613191&l=2026030416331156B8050ACD97694DFDE0
7143608928117509413,我的天哪 岳云鹏 震惊 热梗,unknown,0,
7143608937143700772,黑人问号 网络流行 疑问,unknown,2000,https://v26-artist.vlabvod.com/cd4a8adfe476eb42ad277dff621b9a68/69b128bd/video/tos/cn/tos-cn-v-436d67/b1f1974a777b481c936a35aad4d01cae/?a=4066&ch=0&cr=0&dr=0&er=0&cd=0%7C0%7C0%7C0&br=478&bt=478&cs=0&ds=3&ft=yg8SInYYwAGRXbMxqfuJwFU268agO29BM5ThRiZcEnJNR7mmlNzt_Nqq0D6UxMf&mime_type=video_mp4&qs=0&rc=PGU1OWQ5OGY2PGk0NDk8NEBpanF3bjo6Zm02ZjMzNDZlM0BgNTQtNWAxXl4xYzItL19hYSMvLzFhcjQwX2ZgLS1kYC9zcw%3D%3D&btag=c0000e00008000&dy_q=1772613180&l=20260304163259102D8CF1272B8DAF2715
7143765901190417696,搞笑 网络流行 男人说牛逼,unknown,3000,https://v26-artist.vlabvod.com/e0ce84fa553d6abd02b96b15f3245b1b/69b128be/video/tos/cn/tos-cn-ve-3011c800/97d13d0062b04544b70b39a2b0d02127/?a=4066&ch=0&cr=0&dr=0&er=0&cd=0%7C0%7C0%7C0&br=1605&bt=1605&cs=0&ds=4&ft=yg8SInYYwAGRXbMxqfuJwFU268agO29BM5ThRiZcEnJNR7mmlNzt_Nqq0D6UxMf&mime_type=video_mp4&qs=0&rc=ZzY3OGc4ZzNlM2k7Nzc7ZkBpM2Q7dGQ6ZjRwZjMzNDZlM0AtXjIvM18zXi8xMjViMi0wYSNpaG1ocjRna2hgLS1kYC9zcw%3D%3D&btag=c0000e00008000&dy_q=1772613180&l=20260304163259102D8CF1272B8DAF2715
7143813574631132448,搞笑 网络流行 男人震惊转场,unknown,0,
7145790824138280222,黑人惊讶震惊转场,unknown,4000,https://v26-artist.vlabvod.com/ec05fc9059b6973cbb662d9e88794e82/69b128c2/video/tos/cn/tos-cn-ve-3011c800/b9f87809b3ec42faba2ea8df275430f0/?a=4066&ch=0&cr=0&dr=0&er=0&cd=0%7C0%7C0%7C0&br=1345&bt=1345&cs=0&ds=4&ft=yg8SInYYwAGRXbMxqfuJwFU268agD29BM5ThRiZcEnJNR7mmlNzt_Nqq0D6UxMf&mime_type=video_mp4&qs=0&rc=PGg2NDo0NGU2Ozw4Ozg1NUBpanNveGc6Zmo6ZjMzNDZlM0A0XjRfYjEzXy4xNjNeYjViYSMvNGdncjQwaWpgLS1kYDBzcw%3D%3D&btag=c0000e00008000&dy_q=1772613183&l=20260304163303714D3E93D5CE940C230E
7145901204566969608,影视名场面 男子哈哈大 笑网络流行,unknown,1000,https://v26-artist.vlabvod.com/f1102458b4a76145a439114b7ea5ad82/69b128bc/video/tos/cn/tos-cn-ve-3011c800/a816ab5f339e4f7d8103fe7986787bc1/?a=4066&ch=0&cr=0&dr=0&er=0&cd=0%7C0%7C0%7C0&br=1658&bt=1658&cs=0&ds=4&ft=yg8SInYYwAGRXbMxqfuJwFU268agO29BM5ThRiZcEnJNR7mmlNzt_Nqq0D6UxMf&mime_type=video_mp4&qs=0&rc=Zzg5M2U3Z2g7Ojs3OTY2ZkBpamlscTc6ZmtvZjMzNDZlM0BhLy82LjZjXzAxLV8uL2E1YSNiNWEucjRfYmlgLS1kYDBzcw%3D%3D&btag=c0000e00008000&dy_q=1772613180&l=20260304163259102D8CF1272B8DAF2715
7146072773561994507,周星驰震惊翻白眼影视片段搞笑转场,unknown,2000,https://v26-artist.vlabvod.com/b2f91a94df7e6ab0d8822f856b7f66cc/69b128c0/video/tos/cn/tos-cn-v-436d67/23e34825611b4497ad032db083be8508/?a=4066&ch=0&cr=0&dr=0&er=0&cd=0%7C0%7C0%7C0&br=816&bt=816&cs=0&ds=3&ft=yg8SInYYwAGRXbMxqfuJwFU268agD29BM5ThRiZcEnJNR7mmlNzt_Nqq0D6UxMf&mime_type=video_mp4&qs=0&rc=OTk3OmQ0NTk7ZWQ5PDM5aUBpam5sajw6ZmgzZjMzNDZlM0BhY142NDQyXy0xYl4tL19jYSMwLWplcjRnbGpgLS1kYC9zcw%3D%3D&btag=c0000e00008000&dy_q=1772613183&l=20260304163303714D3E93D5CE940C230E
7146100203995647243,印尼小胖子tantan 哈哈哈笑,unknown,4000,https://v26-artist.vlabvod.com/bf1cc159c542a637872992b75d0a1fdb/69b128c2/video/tos/cn/tos-cn-v-436d67/d3862c1b9bb749c4a6967715b3435fde/?a=4066&ch=0&cr=0&dr=0&er=0&cd=0%7C0%7C0%7C0&br=603&bt=603&cs=0&ds=3&ft=yg8SInYYwAGRXbMxqfuJwFU268agD29BM5ThRiZcEnJNR7mmlNzt_Nqq0D6UxMf&mime_type=video_mp4&qs=0&rc=ZGk1ODpnZjk5NjdkZTloM0BpamxmNzs6ZnRtZjMzNDZlM0BhMmJiMWNjXzIxLjNiLS9hYSNnZmgtcjRnc2pgLS1kYC9zcw%3D%3D&btag=c0000e00008000&dy_q=1772613183&l=20260304163303714D3E93D5CE940C230E
7146101171101469990,平静的说接着奏乐接着舞 影视名场面,unknown,4000,https://v26-artist.vlabvod.com/d2014dab5774ed080d4eab9125aadd5c/69b128c2/video/tos/cn/tos-cn-ve-3011c800/dc103e7eadc64a7ab446a7d1f12ab0ea/?a=4066&ch=0&cr=0&dr=0&er=0&cd=0%7C0%7C0%7C0&br=1977&bt=1977&cs=0&ds=4&ft=yg8SInYYwAGRXbMxqfuJwFU268agD29BM5ThRiZcEnJNR7mmlNzt_Nqq0D6UxMf&mime_type=video_mp4&qs=0&rc=NzVlOGQ4NDRkNjs3Njg3OUBpamxoaDM6ZnRtZjMzNDZlM0BgMTM0MV4vNi4xLzM0Mi4xYSNxMGFfcjRnc2pgLS1kYC9zcw%3D%3D&btag=c0000e00008000&dy_q=1772613183&l=20260304163303714D3E93D5CE940C230E
7146102137422875916,影视片段搞笑 孙悟空烦死了转场,unknown,0,
7146102163482135846,热梗 搞笑视频 袋鼠摇手,unknown,0,https://v6-artist.vlabvod.com/1d50719e2339a025b7b082417e55a46f/69b128cb/video/tos/cn/tos-cn-v-
7146104305961946380,周星驰震惊拍手鼓掌影视片段搞笑转场,unknown,2000,https://v26-artist.vlabvod.com/7febb2a29e7c870a76512cdc4eeb70ab/69b128c0/video/tos/cn/tos-cn-v-436d67/55dfc49b75564553af941d009b2cacd0/?a=4066&ch=0&cr=0&dr=0&er=0&cd=0%7C0%7C0%7C0&br=935&bt=935&cs=0&ds=3&ft=yg8SInYYwAGRXbMxqfuJwFU268agD29BM5ThRiZcEnJNR7mmlNzt_Nqq0D6UxMf&mime_type=video_mp4&qs=0&rc=OWVpOjtpNDc5ODs8NzhnM0BpajhsNDc6Znc1ZjMzNDZlM0BeYDUwXmIvXzExXmMxYGBiYSNqLjBmcjQwXmpgLS1kYC9zcw%3D%3D&btag=c0000e00008000&dy_q=1772613183&l=20260304163303714D3E93D5CE940C230E
7146121126341659942,影视 周星驰厉害搞笑转场视频,unknown,0,
7146127961014422796,网络热梗搞笑转场 oh男子震惊起身,unknown,2000,https://v26-artist.vlabvod.com/2e1cce11a697dd41a2f874cdcddb3152/69b128bd/video/tos/cn/tos-cn-ve-3011c800/2f8158524e6746afacaa88fc5d26c8e6/?a=4066&ch=0&cr=0&dr=0&er=0&cd=0%7C0%7C0%7C0&br=1458&bt=1458&cs=0&ds=4&ft=yg8SInYYwAGRXbMxqfuJwFU268agO29BM5ThRiZcEnJNR7mmlNzt_Nqq0D6UxMf&mime_type=video_mp4&qs=0&rc=ZDVmOzZpOGc5Z2hkZzg6O0BpanM3Z2Y6Zjk1ZjMzNDZlM0BjLi9gMF8yNTMxNmE0MzUzYSNwcm5kcjQwZmpgLS1kYC9zcw%3D%3D&btag=c0000e00008000&dy_q=1772613180&l=20260304163259102D8CF1272B8DAF2715
7146129753311808771,武林外传佟掌柜捂脸笑影视片段搞笑,unknown,0,
7146218827603250443,影视片段 秀儿转场,unknown,0,
7146489934793149699,影视 周星驰唐伯虎点秋香 被吓到,unknown,1000,https://v26-artist.vlabvod.com/ecde4ee730d9de9586301c7640e14e7c/69b128bf/video/tos/cn/tos-cn-ve-3011c800/29fa4147f6774ce38b25bfdd59a3e039/?a=4066&ch=0&cr=0&dr=0&er=0&cd=0%7C0%7C0%7C0&br=2211&bt=2211&cs=0&ds=4&ft=yg8SInYYwAGRXbMxqfuJwFU268agD29BM5ThRiZcEnJNR7mmlNzt_Nqq0D6UxMf&mime_type=video_mp4&qs=0&rc=OzczOGY4ODY6NTk5Zzc6ZEBpM3Z5bjU6ZmhwZjMzNDZlM0A2Ll42YGMtXl8xYGFgNjVeYSNrci8xcjQwcWpgLS1kYDBzcw%3D%3D&btag=c0000e00008000&dy_q=1772613183&l=20260304163303714D3E93D5CE940C230E
7147132498080845069,萌宠动物搞笑瞬间 猫咪张嘴 网络流行,unknown,0,
7167121215885282574,简约 引导关注框 关注 爱心 绿幕,unknown,2000,https://v6-artist.vlabvod.com/0735d6e8028240ce80d45c1906fa67f5/69b128c8/video/tos/cn/tos-cn-ve-3011c800/o4FCueSeJ7QoncALbbaCnc4JAEDgBTAoxGf3Qo/?a=4066&ch=0&cr=0&dr=0&er=0&cd=0%7C0%7C0%7C0&br=299&bt=299&cs=0&ds=4&ft=yg8SInYYwAGRXbMxqfuJwFU268agun9BM5ThRiZcEnJNR7mmlNzt_Nqq0D6UxMf&mime_type=video_mp4&qs=0&rc=NDQ8ZWc4ODNmNDc8OmRkNEBpM3JoNjc6ZmltZzMzNDZlM0AxY15jL2ItXjExYy5hYmMwYSNuZl9ocjRnZm9gLS1kYC9zcw%3D%3D&btag=c0000e00008000&dy_q=1772613191&l=2026030416331156B8050ACD97694DFDE0
7170475937790708999,下期见 桌面片尾,unknown,0,
7229870963725192506,意境唯美夏日阳光里的树叶,unknown,0,
7296747260539325759,啊？,unknown,0,https://v26-artist.vlabvod.com/b443f81d21e8f2bc436735a107c0aed8/69b11d16/video/tos/cn/tos-cn-ve-3011c800/owf4gq8hQQnUA5XFfaGAbaD8KGIGbgeBEUAokC/?a=4066&ch=0&cr=0&dr=0&er=0&cd=0%7C0%7C0%7C0&br=823&bt=823&cs=0&ds=4&ft=yg8SInYYwAGRXbMxqfuJwFU268agcm9BM5ThRiZcEnJNR7mmlNzt_Nqq0D6UxMf&mime_type=video_mp4&qs=0&rc=Zmg4NTxoOWU3ZGRpODdkOkBpajt3a2g6ZmpubzMzNDZlM0BhL2BiLmIxXjYxLi5iNjFjYSMzLWljcjQwYy5gLS1kYC9zcw%3D%3D&btag=c0000e00008000&dy_q=1772610191&feature_id=f0150a16a324336cda5d6dd0b69ed299&l=2026030415431018D0987D1B44CFAB1DFC
7299264869356866855,震惊表情,unknown,7000,https://v26-artist.vlabvod.com/71da47da9f965145978fb327c96145cc/69b11d15/video/tos/cn/tos-cn-v-436d67/o88sIFIgN5CfzhDPFJNzBTt9dezBABxEKJxl6M/?a=4066&ch=0&cr=0&dr=0&er=0&cd=0%7C0%7C0%7C0&br=743&bt=743&cs=0&ds=3&ft=yg8SInYYwAGRXbMxqfuJwFU268agcm9BM5ThRiZcEnJNR7mmlNzt_Nqq0D6UxMf&mime_type=video_mp4&qs=0&rc=aWdkZDw8NWZkOjdmZmc0PEBpam1qaTQ6ZjU2bzMzNDZlM0BjX2FjNjNfX2IxX2MuLjJgYSNtaWFxcjRvcjNgLS1kYGFzcw%3D%3D&btag=c0000e00008000&dy_q=1772610191&feature_id=f0150a16a324336cda5d6dd0b69ed299&l=2026030415431018D0987D1B44CFAB1DFC
7301287806226238783,暴躁愤怒生气,unknown,2000,https://v26-artist.vlabvod.com/36d14a967209bc962ba96e470598c8fa/69b128bd/video/tos/cn/tos-cn-v-436d67/oEevfkSlUCRJAhsDDHo2yN1BDGmbI9ps8CWgQn/?a=4066&ch=0&cr=0&dr=0&er=0&cd=0%7C0%7C0%7C0&br=762&bt=762&cs=0&ds=3&ft=yg8SInYYwAGRXbMxqfuJwFU268agO29BM5ThRiZcEnJNR7mmlNzt_Nqq0D6UxMf&mime_type=video_mp4&qs=0&rc=OTc6NGk0M2g1ZTkzZGg8OUBpampsbzY6ZnVwbzMzNDZlM0A0LzAvLjAvXjAxYTExXzIzYSNpNi9kcjQwazZgLS1kYDBzcw%3D%3D&btag=c0000e00008000&dy_q=1772613180&feature_id=f0150a16a324336cda5d6dd0b69ed299&l=20260304163259102D8CF1272B8DAF2715
7302009285091806475,曹操暴怒,unknown,2000,https://v26-artist.vlabvod.com/a67a836796496eee75267d816ea7fe5f/69b128c0/video/tos/cn/tos-cn-v-436d67/okFBDkkrcBKIbCO9YanfpQltEqebDoeAvgy4I2/?a=4066&ch=0&cr=0&dr=0&er=0&cd=0%7C0%7C0%7C0&br=869&bt=869&cs=0&ds=3&ft=yg8SInYYwAGRXbMxqfuJwFU268agD29BM5ThRiZcEnJNR7mmlNzt_Nqq0D6UxMf&mime_type=video_mp4&qs=0&rc=ZzNpNmlmZGg3NTNmZzk1ZkBpM2w4aGY6Zjx5bzMzNDZlM0AyY2NiNjUyNi4xNDFgMjZgYSMvNm8tcjRfaF5gLS1kYC9zcw%3D%3D&btag=c0000e00008000&dy_q=1772613183&feature_id=f0150a16a324336cda5d6dd0b69ed299&l=20260304163303714D3E93D5CE940C230E
7305705251816885514,吗喽抱着小猴子转圈圈,unknown,0,
7319781540764880154,垂直视频航拍森林覆盖的山脉和绿松石湖水,unknown,43000,https://v9-artist.vlabvod.com/ff9cb481154262b2310ee520cad0ae83/69b128f7/video/tos/cn/tos-cn-v-436d67/oIECFegFsRbnlfKZgDmbhHbf4dB8VxDLAQ0IBt/?a=4066&ch=0&cr=0&dr=0&er=0&cd=0%7C0%7C0%7C0&br=349&bt=349&cs=0&ds=1&ft=yg8SInYYwAGRXbMxqfuJwFU268agXn9BM5ThRiZcEnJNR7mmlNzt_Nqq0D6UxMf&mime_type=video_mp4&qs=0&rc=aDtlaDw0Nmg6NjQ5PDQ5OEBpM2hwdjU6Zms7cDMzNDZlM0AuXmA0LjRfX2IxYGItLjIxYSNxLi5rcjRvczJgLS1kYC9zcw%3D%3D&btag=c0000e00018000&dy_q=1772613197&feature_id=59cb2766d89ae6284516c6a254e9fb61&l=202603041633164231FB0AEA3D42AA74D8
7319812121095654683,飞雪在黑色背景阿尔法通道,unknown,0,
7319872818701798694,励志和激励视频与年轻女子在日落。缓慢的运动。,unknown,30000,https://v26-artist.vlabvod.com/ddc52e2dc9f97503410f62003e91b46d/69b128dc/video/tos/cn/tos-cn-v-436d67/o0CfA8VlND5AFNPRNcXbB8eicnd4S9giX5NRIg/?a=4066&ch=0&cr=0&dr=0&er=0&cd=0%7C0%7C0%7C0&br=419&bt=419&cs=0&ds=1&ft=yg8SInYYwAGRXbMxqfuJwFU268agD29BM5ThRiZcEnJNR7mmlNzt_Nqq0D6UxMf&mime_type=video_mp4&qs=0&rc=ODVlaTNlZGQ2NWY2Ojs1N0Bpam9rOzs6Znh3cDMzNDZlM0AzLjZiNjZjX2MxLTY2MV5gYSNvM2RmcjRfMzJgLS1kYGFzcw%3D%3D&btag=c0000e00010000&dy_q=1772613183&feature_id=59cb2766d89ae6284516c6a254e9fb61&l=20260304163303714D3E93D5CE940C230E
7320088520033307942,女人从手机上得到了好消息,unknown,11000,https://v6-artist.vlabvod.com/1603e65aaedddbb17749ad927c34d270/69b128d5/video/tos/cn/tos-cn-ve-3011c800/o8LadXlD90QfiFJlCtgIN8B8nbkv1e8CAnqBgS/?a=4066&ch=0&cr=0&dr=0&er=0&cd=0%7C0%7C0%7C0&br=2033&bt=2033&cs=0&ds=4&ft=yg8SInYYwAGRXbMxqfuJwFU268agZn9BM5ThRiZcEnJNR7mmlNzt_Nqq0D6UxMf&mime_type=video_mp4&qs=0&rc=NDo4Zjg5MzU1PGU0aDNoZ0Bpaml0bjU6Znd3cDMzNDZlM0BjMF8uYDAwNWMxNTJhNi1hYSNuNi9xcjQwZjJgLS1kYC9zcw%3D%3D&btag=c0000e00008000&dy_q=1772613194&feature_id=f0150a16a324336cda5d6dd0b69ed299&l=20260304163313712D460A87C93AA1D9B7
7320142994374544691,男人很担心。,unknown,0,
7320156138287189286,动画舒适的黄色背景,unknown,0,
7320450040856677659,海上码头的日出,unknown,34000,https://v6-artist.vlabvod.com/aa75f0c72c3076bb66d5724b88b50c30/69b128e9/video/tos/cn/tos-cn-v-436d67/ocb9XtACAQBDUegrV0nHNlEZlIBHCHNixek8Ob/?a=4066&ch=0&cr=0&dr=0&er=0&cd=0%7C0%7C0%7C0&br=323&bt=323&cs=0&ds=1&ft=yg8SInYYwAGRXbMxqfuJwFU268agun9BM5ThRiZcEnJNR7mmlNzt_Nqq0D6UxMf&mime_type=video_mp4&qs=0&rc=aDs3Nzs4PDxpNmg0PDxnPEBpMzp1dWQ6ZmprcDMzNDZlM0AyNi9fLi9jNTYxLS8tLjA2YSNmcGNucjQwMF9gLS1kYGFzcw%3D%3D&btag=c0000e00018000&dy_q=1772613192&feature_id=59cb2766d89ae6284516c6a254e9fb61&l=2026030416331156B8050ACD97694DFDE0
7321608377484840243,25-29岁的拉丁美洲和西班牙裔年轻夫妇戴着技术虚拟现实头盔，在夏天的早晨在户外海滩上练习瑜伽。Metaverse、创新的概念。,unknown,19000,https://v26-artist.vlabvod.com/918225117c398152c8acbed4fc049428/69b128d1/video/tos/cn/tos-cn-v-436d67/oIcQCI3cgCaEAOaaNeb1GlnBeLmm0D8G56g8Jz/?a=4066&ch=0&cr=0&dr=0&er=0&cd=0%7C0%7C0%7C0&br=130&bt=130&cs=0&ds=1&ft=yg8SInYYwAGRXbMxqfuJwFU268agD29BM5ThRiZcEnJNR7mmlNzt_Nqq0D6UxMf&mime_type=video_mp4&qs=0&rc=OWYzOzdnNDozOTw6MzxnM0BpM2czcGc6Zmk5cDMzNDZlM0AyYi81MTRfNTAxYS4uYjBiYSNhM2owcjQwYWBgLS1kYC9zcw%3D%3D&btag=c0000e00010000&dy_q=1772613183&feature_id=59cb2766d89ae6284516c6a254e9fb61&l=20260304163303714D3E93D5CE940C230E
7321610042975816998,未来机器人发展战略。,unknown,8000,https://v6-artist.vlabvod.com/bccb9cb8b3b2d953dcc88cead52962df/69b128ce/video/tos/cn/tos-cn-ve-3011c800/ogb1eBYhGCRNnXuWCgQ8wEwyIC9yFGzXdPNAfB/?a=4066&ch=0&cr=0&dr=0&er=0&cd=0%7C0%7C0%7C0&br=1847&bt=1847&cs=0&ds=4&ft=yg8SInYYwAGRXbMxqfuJwFU268agun9BM5ThRiZcEnJNR7mmlNzt_Nqq0D6UxMf&mime_type=video_mp4&qs=0&rc=OjtoOmY6OGdmM2dmZGRpNUBpM29wbjk6ZjpycDMzNDZlM0AxYGFeNGAvNTExLV9eYTFeYSNfYzVycjRna19gLS1kYC9zcw%3D%3D&btag=c0000e00008000&dy_q=1772613191&feature_id=f0150a16a324336cda5d6dd0b69ed299&l=2026030416331156B8050ACD97694DFDE0
7321676870833999131,亚洲人在办公室用笔记本电脑工作,unknown,0,
7321735003849772297,音乐家与低音吉他剪影,unknown,0,
7321761689949605183,女性应用防晒霜,unknown,21000,https://v6-artist.vlabvod.com/7663926dfcd107fb960f09e1a388f8a8/69b128de/video/tos/cn/tos-cn-ve-3011c800/oYpHklS2bCBVQbnS8DIYbTEgGeNN8lHDeNDIAn/?a=4066&ch=0&cr=0&dr=0&er=0&cd=0%7C0%7C0%7C0&br=1339&bt=1339&cs=0&ds=4&ft=yg8SInYYwAGRXbMxqfuJwFU268agZn9BM5ThRiZcEnJNR7mmlNzt_Nqq0D6UxMf&mime_type=video_mp4&qs=0&rc=O2U5Ojk1Ojc1ZWc5NTs2N0BpajxndTY6Zm52cDMzNDZlM0BjY2FhM15jNjQxXy0xY15jYSNncWBocjRnYV9gLS1kYGFzcw%3D%3D&btag=c0000e00010000&dy_q=1772613194&feature_id=f0150a16a324336cda5d6dd0b69ed299&l=20260304163313712D460A87C93AA1D9B7
7321773089447070988,在暗红色的背景下，星星和灯光闪烁不定。冬季背景与降雪。无缝的背景,unknown,15000,https://v6-artist.vlabvod.com/de81bf1d41f4a677cb45a95f30330701/69b128d6/video/tos/cn/tos-cn-v-436d67/o4EEgOlIp8AtAGlx0feL8Ch8YzDOtsC2NNBtyN/?a=4066&ch=0&cr=0&dr=0&er=0&cd=0%7C0%7C0%7C0&br=475&bt=475&cs=0&ds=1&ft=yg8SInYYwAGRXbMxqfuJwFU268agun9BM5ThRiZcEnJNR7mmlNzt_Nqq0D6UxMf&mime_type=video_mp4&qs=0&rc=aDs3MzlnZGU4aGlnODozOUBpanBqdzY6Zjh3cDMzNDZlM0BfLTZgMWMvXzMxMWFfNTQuYSNsNjRocjRvYV9gLS1kYGFzcw%3D%3D&btag=c0000e00010000&dy_q=1772613191&feature_id=59cb2766d89ae6284516c6a254e9fb61&l=2026030416331156B8050ACD97694DFDE0
7321793354591784230,女人写信,unknown,0,
7321804497058041124,戴面具的男人的特写,unknown,17000,https://v6-artist.vlabvod.com/f3acdb0d3a26d8d6cbba8c339c428891/69b128da/video/tos/cn/tos-cn-ve-3011c800/ootgGFb5EMIgkvbk4fAuQxeDj4FzpLy2neBDC0/?a=4066&ch=0&cr=0&dr=0&er=0&cd=0%7C0%7C0%7C0&br=1421&bt=1421&cs=0&ds=4&ft=yg8SInYYwAGRXbMxqfuJwFU268agZn9BM5ThRiZcEnJNR7mmlNzt_Nqq0D6UxMf&mime_type=video_mp4&qs=0&rc=Njg3aDtoM2U2NTtnO2dmZUBpM3N3OjY6Zmk0cDMzNDZlM0AtL2BfX180NmMxNWJfYC0yYSNtZTM1cjRvb2BgLS1kYC9zcw%3D%3D&btag=c0000e00010000&dy_q=1772613194&feature_id=f0150a16a324336cda5d6dd0b69ed299&l=20260304163313712D460A87C93AA1D9B7
7321819089385622834,新年前夕，一名年轻女子和她的狗在圣诞树旁吃巧克力,unknown,0,
7321839849214889225,片头场景增强预告广告的吸引力。,unknown,0,
7321864734322560293,黑人妇女工人戴安全帽，护目镜和手套。拿着钻头，显示ok标志，微笑。在蓝色背景上摆姿势,unknown,8000,https://v6-artist.vlabvod.com/4d31410998db3f2f2ebdc7eb38a0f503/69b128ce/video/tos/cn/tos-cn-v-436d67/o4IaEDATGbMzCZzyEfuzt9mmr3IeohFgNUE3Bb/?a=4066&ch=0&cr=0&dr=0&er=0&cd=0%7C0%7C0%7C0&br=201&bt=201&cs=0&ds=1&ft=yg8SInYYwAGRXbMxqfuJwFU268agun9BM5ThRiZcEnJNR7mmlNzt_Nqq0D6UxMf&mime_type=video_mp4&qs=0&rc=NGk6MzM6Njg6ZmY6OjMzOUBpandrPDs6Zm48cDMzNDZlM0AyLy1jMTZeXzIxLzIxYGEtYSNpNmUvcjRfa2BgLS1kYGFzcw%3D%3D&btag=c0000e00008000&dy_q=1772613191&feature_id=59cb2766d89ae6284516c6a254e9fb61&l=2026030416331156B8050ACD97694DFDE0
7321871222730460443,画像一个放松和快乐的女人的脸在一个夏天的日落在海滩。美丽的女性与幸福，平静和微笑与愉快的态度在黄昏与自然的海洋背景,unknown,21000,https://v26-artist.vlabvod.com/808bfd77a66bc4ef654a76a5dc25aec7/69b128d0/video/tos/cn/tos-cn-v-436d67/oY2meFH8NIKCBC3bX8QZGAnlIeo8DAUXBgvTNm/?a=4066&ch=0&cr=0&dr=0&er=0&cd=0%7C0%7C0%7C0&br=320&bt=320&cs=0&ds=1&ft=yg8SInYYwAGRXbMxqfuJwFU268agO29BM5ThRiZcEnJNR7mmlNzt_Nqq0D6UxMf&mime_type=video_mp4&qs=0&rc=NDc3OTRkZ2RmMzU3Mzw0OUBpM2kzOzg6Zm9xcDMzNDZlM0BjMTUuNjYwNmAxNl9fL2E2YSNeZ2BtcjQwNmBgLS1kYC9zcw%3D%3D&btag=c0000e00010000&dy_q=1772613180&feature_id=59cb2766d89ae6284516c6a254e9fb61&l=20260304163259102D8CF1272B8DAF2715
7321888552835353894,冬季在户外,unknown,0,
7321939063135538470,CU 4K夏季树叶散景模糊，阳光透过树叶,unknown,43000,https://v9-artist.vlabvod.com/1d63094f4c44812354bbe244096c9db8/69b128f7/video/tos/cn/tos-cn-v-436d67/oIOI4WT7DeFT8NQAEb9nEWestLpFeZLb0BqbCt/?a=4066&ch=0&cr=0&dr=0&er=0&cd=0%7C0%7C0%7C0&br=1031&bt=1031&cs=0&ds=1&ft=yg8SInYYwAGRXbMxqfuJwFU268agXn9BM5ThRiZcEnJNR7mmlNzt_Nqq0D6UxMf&mime_type=video_mp4&qs=0&rc=ZzlpPGU7Zjo1ODo8ZjczZUBpamV0d2Y6ZjhwcDMzNDZlM0BjMDIzYi9gNV8xNTQ2NjVeYSNxbF9ocjRnc2FgLS1kYC9zcw%3D%3D&btag=c0000e00018000&dy_q=1772613197&feature_id=59cb2766d89ae6284516c6a254e9fb61&l=202603041633164231FB0AEA3D42AA74D8
7321959648821611826,"困惑,",unknown,11000,https://v6-artist.vlabvod.com/5bd8c262b86681ee19e0e76f262249e4/69b128d1/video/tos/cn/tos-cn-ve-3011c800/oIbGcL0FBQCDb5AeEVneaLEsNIFe0ZbYz8K4Cb/?a=4066&ch=0&cr=0&dr=0&er=0&cd=0%7C0%7C0%7C0&br=4078&bt=4078&cs=0&ds=4&ft=yg8SInYYwAGRXbMxqfuJwFU268agun9BM5ThRiZcEnJNR7mmlNzt_Nqq0D6UxMf&mime_type=video_mp4&qs=0&rc=Omk6MzczN2lpZWRlNTU0Z0BpM3hnbTQ6ZmdzcDMzNDZlM0AwYC4vNjM2XzAxXl80LTNfYSMybWA0cjQwc2FgLS1kYGFzcw%3D%3D&btag=c0000e00008000&dy_q=1772613191&feature_id=f0150a16a324336cda5d6dd0b69ed299&l=2026030416331156B8050ACD97694DFDE0
7322020737840139558,商人在地铁上使用智能手机。,unknown,19000,https://v6-artist.vlabvod.com/eac978066a6de37d59b7546b83f84f69/69b128dc/video/tos/cn/tos-cn-ve-3011c800/o0yzKAw5EAbIBAgeI7EbmAC2QGfLbNNG2gIzdh/?a=4066&ch=0&cr=0&dr=0&er=0&cd=0%7C0%7C0%7C0&br=1819&bt=1819&cs=0&ds=4&ft=yg8SInYYwAGRXbMxqfuJwFU268agZn9BM5ThRiZcEnJNR7mmlNzt_Nqq0D6UxMf&mime_type=video_mp4&qs=0&rc=OzNoOTtoZjkzOWk3NjY1Z0BpM2ozNDM6ZndwcDMzNDZlM0BiLzBhMS40X18xLzJhNjItYSMxLmVkcjRncWFgLS1kYGFzcw%3D%3D&btag=c0000e00010000&dy_q=1772613194&feature_id=f0150a16a324336cda5d6dd0b69ed299&l=20260304163313712D460A87C93AA1D9B7
7322021251357199625,制定一个家庭财务计划,unknown,11000,https://v6-artist.vlabvod.com/d15f18d8607dbbdbb82f3d44bddc6553/69b128d1/video/tos/cn/tos-cn-ve-3011c800/oEdQAOPQdELC4CfKJa2Cb2cUXefwyL49FHBA9I/?a=4066&ch=0&cr=0&dr=0&er=0&cd=0%7C0%7C0%7C0&br=1865&bt=1865&cs=0&ds=4&ft=yg8SInYYwAGRXbMxqfuJwFU268agun9BM5ThRiZcEnJNR7mmlNzt_Nqq0D6UxMf&mime_type=video_mp4&qs=0&rc=NmU2ZzlnaDQ0ZzZpZTM3NkBpM3l3czo6Zm04cDMzNDZlM0BfMmNjNi9hX2IxMTQxNmA2YSMtcy5qcjRnZmJgLS1kYGFzcw%3D%3D&btag=c0000e00008000&dy_q=1772613191&feature_id=f0150a16a324336cda5d6dd0b69ed299&l=2026030416331156B8050ACD97694DFDE0
7322024613779721526,年轻女性支持服务代理呼叫中心接线员戴着耳机咨询客户,unknown,0,
7322027787685072165,办公室职员的工作,unknown,10000,https://v6-artist.vlabvod.com/06235ac2102c2de719eb89c9e2ec3587/69b128d3/video/tos/cn/tos-cn-ve-3011c800/ocALvHL2LBEOFtCTFPCkzffO4AYAEi2be4hQuR/?a=4066&ch=0&cr=0&dr=0&er=0&cd=0%7C0%7C0%7C0&br=1171&bt=1171&cs=0&ds=4&ft=yg8SInYYwAGRXbMxqfuJwFU268agZn9BM5ThRiZcEnJNR7mmlNzt_Nqq0D6UxMf&mime_type=video_mp4&qs=0&rc=ZzRoaDY8PGRoZThmNzlpO0BpM3d1NDU6ZjM4cDMzNDZlM0BhL2AwNWAvNjQxNGJiLTQ0YSNpXy5hcjRfamJgLS1kYC9zcw%3D%3D&btag=c0000e00008000&dy_q=1772613194&feature_id=f0150a16a324336cda5d6dd0b69ed299&l=20260304163313712D460A87C93AA1D9B7
7322042077603302666,精疲力竭、汗流浃背的商人,unknown,8000,https://v26-artist.vlabvod.com/3c8f8b5dd8529d8b119aeed50e5c0a85/69b128c3/video/tos/cn/tos-cn-v-436d67/oArJhACf2ISNaGKgoiezkYEbKJp7zNkBCrJyib/?a=4066&ch=0&cr=0&dr=0&er=0&cd=0%7C0%7C0%7C0&br=741&bt=741&cs=0&ds=1&ft=yg8SInYYwAGRXbMxqfuJwFU268agO29BM5ThRiZcEnJNR7mmlNzt_Nqq0D6UxMf&mime_type=video_mp4&qs=0&rc=ZjgzNGc8ZTw3Zzk2NGVnOkBpajdpO2c6ZndwcDMzNDZlM0AvYjQxXi8yNWIxYDEwLzQwYSMxYWlocjRnbGFgLS1kYC9zcw%3D%3D&btag=c0000e00008000&dy_q=1772613180&feature_id=59cb2766d89ae6284516c6a254e9fb61&l=20260304163259102D8CF1272B8DAF2715
7322044851975900425,危机,unknown,0,
7322047469985058059,丹顶鹤在北海道鹤瑞村的雪地上翩翩起舞,unknown,0,
7322084874737765683,业务演示,unknown,28000,https://v6-artist.vlabvod.com/9b463ce60f4696f7ef983fd1221d2810/69b128e2/video/tos/cn/tos-cn-ve-3011c800/oMUb48VYC8SNNn3LRQ2A2IeseCD8mlXCgABbgA/?a=4066&ch=0&cr=0&dr=0&er=0&cd=0%7C0%7C0%7C0&br=1549&bt=1549&cs=0&ds=4&ft=yg8SInYYwAGRXbMxqfuJwFU268agun9BM5ThRiZcEnJNR7mmlNzt_Nqq0D6UxMf&mime_type=video_mp4&qs=0&rc=Nzs1Zzw7OjY5PDczaDM6OEBpMzVmM2c6ZndycDMzNDZlM0BgYTIyLy5hXjIxMS9gMV40YSNuNi5tcjRnXmFgLS1kYC9zcw%3D%3D&btag=c0000e00010000&dy_q=1772613191&feature_id=f0150a16a324336cda5d6dd0b69ed299&l=2026030416331156B8050ACD97694DFDE0
7322123085606391059,旅行者女孩，戴着帽子，穿着绿色夹克和背包，她沿着斯堪的纳维亚海岸散步,unknown,26000,https://v26-artist.vlabvod.com/a7db5329367d9cb8f366519ab004f4a1/69b128d5/video/tos/cn/tos-cn-v-436d67/oksDhACfGIADOGQgcPez3yEdt4UMztrBD4Qy8c/?a=4066&ch=0&cr=0&dr=0&er=0&cd=0%7C0%7C0%7C0&br=956&bt=956&cs=0&ds=1&ft=yg8SInYYwAGRXbMxqfuJwFU268agO29BM5ThRiZcEnJNR7mmlNzt_Nqq0D6UxMf&mime_type=video_mp4&qs=0&rc=aWRkaDU0ZTxmaGc0aTs0OEBpM3FqaTY6Zjl1cDMzNDZlM0A2NDM1XjZiXmMxMTQyL2M0YSNwYTJicjRfZmFgLS1kYDBzcw%3D%3D&btag=c0000e00010000&dy_q=1772613180&feature_id=59cb2766d89ae6284516c6a254e9fb61&l=20260304163259102D8CF1272B8DAF2715
7322153967230733578,同事讨论项目。,unknown,0,
7322159120851766537,蓝天白云，麦田黄澄澄，阳光明媚，景色优美动感。风景优美的农田，4K时间差。美丽的自然，农业和季节收获的时间。,unknown,0,
7322192753264266515,垂直屏幕:自由职业者戴着耳机，使用笔记本电脑在城市远程在线工作。在一个阳光明媚的夏日，年轻的创意男子在咖啡馆里吃早餐和远程办公,unknown,0,
7322192993757187382,在一条两旁都是高层公寓的街道上开车,unknown,16000,https://v26-artist.vlabvod.com/e3ebe0a7652894f20c3f8b9a16d1c810/69b128ce/video/tos/cn/tos-cn-v-436d67/oU8bZOHpOEfSf7Ey47KyatAgP2Fe4BA6ZCFLjR/?a=4066&ch=0&cr=0&dr=0&er=0&cd=0%7C0%7C0%7C0&br=528&bt=528&cs=0&ds=1&ft=yg8SInYYwAGRXbMxqfuJwFU268agD29BM5ThRiZcEnJNR7mmlNzt_Nqq0D6UxMf&mime_type=video_mp4&qs=0&rc=Nzc1OWRlMzU2NmU0PGUzM0BpanhoeTY6ZnBrcDMzNDZlM0AyLy9fYmAuXmAxX181NjAtYSNrYGo0cjRfZmJgLS1kYC9zcw%3D%3D&btag=c0000e00010000&dy_q=1772613183&feature_id=59cb2766d89ae6284516c6a254e9fb61&l=20260304163303714D3E93D5CE940C230E
7322220651824139557,动画字的结尾在故障屏幕上,unknown,30000,https://v9-artist.vlabvod.com/0b7e7bafc3ef88300f06688253e22cdd/69b128ea/video/tos/cn/tos-cn-v-436d67/o0IdsrfD4pLYsOhe1ee5Qezch4ZyghsIEQAX9Z/?a=4066&ch=0&cr=0&dr=0&er=0&cd=0%7C0%7C0%7C0&br=141&bt=141&cs=0&ds=1&ft=yg8SInYYwAGRXbMxqfuJwFU268agXn9BM5ThRiZcEnJNR7mmlNzt_Nqq0D6UxMf&mime_type=video_mp4&qs=0&rc=Z2g3Ojc6ZWU5ODk0ZWg7OkBpMzl4dzw6ZnM0cDMzNDZlM0A0YC01YWNfNi8xNGFfLi8wYSNjMW1ncjRnYmJgLS1kYC9zcw%3D%3D&btag=c0000e00018000&dy_q=1772613197&feature_id=59cb2766d89ae6284516c6a254e9fb61&l=202603041633164231FB0AEA3D42AA74D8
7322230555125255462,好消息!,unknown,15000,https://v6-artist.vlabvod.com/665d3ed8d8ab854a3e8d7ea72bf72a66/69b128d8/video/tos/cn/tos-cn-ve-3011c800/oMeMeGilnChUAc5gDTwC0N7BNz6bIWJk8UagQn/?a=4066&ch=0&cr=0&dr=0&er=0&cd=0%7C0%7C0%7C0&br=1859&bt=1859&cs=0&ds=4&ft=yg8SInYYwAGRXbMxqfuJwFU268agZn9BM5ThRiZcEnJNR7mmlNzt_Nqq0D6UxMf&mime_type=video_mp4&qs=0&rc=ZTplaDczZTRpNjNkZ2k3O0BpamhsOTw6Zmg1cDMzNDZlM0AtL2BfYWFjNjYxLzE2NTNiYSMzaC1pcjRfM2JgLS1kYGFzcw%3D%3D&btag=c0000e00008000&dy_q=1772613194&feature_id=f0150a16a324336cda5d6dd0b69ed299&l=20260304163313712D460A87C93AA1D9B7
7322231389091384587,晴朗的蓝天上飘逸的云朵随着时间流逝,unknown,14000,https://v9-artist.vlabvod.com/6b3cb0a07ba9eb8c1f30c8bb5a442852/69b128da/video/tos/cn/tos-cn-v-436d67/oskWd3HQgBALgfO2DI4EeuJhQZNAw4FfPCqbXT/?a=4066&ch=0&cr=0&dr=0&er=0&cd=0%7C0%7C0%7C0&br=221&bt=221&cs=0&ds=1&ft=yg8SInYYwAGRXbMxqfuJwFU268agXn9BM5ThRiZcEnJNR7mmlNzt_Nqq0D6UxMf&mime_type=video_mp4&qs=0&rc=ODk4OzU2OmQ1ZTszMzlkZUBpM3EzdjU6ZmZvcDMzNDZlM0AtNDRjYS8yXi0xMi00X2M2YSNeZDNjcjQwMGJgLS1kYC9zcw%3D%3D&btag=c0000e00008000&dy_q=1772613197&feature_id=59cb2766d89ae6284516c6a254e9fb61&l=202603041633164231FB0AEA3D42AA74D8
7322267818249047305,阳光透过树叶和树枝上的白花照耀着,unknown,55000,https://v6-artist.vlabvod.com/45ac95f20ea522cdcd600a912481e03f/69b128fe/video/tos/cn/tos-cn-v-436d67/oYbc5hZOClxLIgDIdeKev8TnB0FHnENdzYDCQA/?a=4066&ch=0&cr=0&dr=0&er=0&cd=0%7C0%7C0%7C0&br=877&bt=877&cs=0&ds=1&ft=yg8SInYYwAGRXbMxqfuJwFU268agun9BM5ThRiZcEnJNR7mmlNzt_Nqq0D6UxMf&mime_type=video_mp4&qs=0&rc=ZmhoZWU4ODszZTk4M2Y4ZkBpajRyeGY6ZnE1cDMzNDZlM0BjNWEwNGE1XjExYzA2LmAtYSMwaTRfcjQwbWJgLS1kYDBzcw%3D%3D&btag=c0000e00020000&dy_q=1772613191&feature_id=59cb2766d89ae6284516c6a254e9fb61&l=2026030416331156B8050ACD97694DFDE0
7322344732716240138,新鲜的洋葱面包放在桌上健康的早餐点子，淀粉类食物的视频,unknown,0,
7322367675164790043,医生解释。,unknown,0,
7322374544465972534,日落神奇海洋龙舟团队训练,unknown,21000,https://v6-artist.vlabvod.com/5f96fbf7015bbab1d62c02ae10681b41/69b128db/video/tos/cn/tos-cn-v-436d67/oQuAWf4ACPHd30aeeB5TAeiH2LN0AZ42wYEWZn/?a=4066&ch=0&cr=0&dr=0&er=0&cd=0%7C0%7C0%7C0&br=1216&bt=1216&cs=0&ds=1&ft=yg8SInYYwAGRXbMxqfuJwFU268agun9BM5ThRiZcEnJNR7mmlNzt_Nqq0D6UxMf&mime_type=video_mp4&qs=0&rc=Ojo1NTk3Zjw8ZjpoZTQ4NkBpM3F1djw6ZnFzcDMzNDZlM0A2Li40YWFjXjExMjA2L2E2YSMtai1qcjQwc2JgLS1kYGFzcw%3D%3D&btag=c0000e00010000&dy_q=1772613191&feature_id=59cb2766d89ae6284516c6a254e9fb61&l=2026030416331156B8050ACD97694DFDE0
7322402960183479564,机器人在和一个商人谈话时面带微笑。人与机器人通信概念。,unknown,0,
7322403155356978451,雪山月亮屋4k,unknown,0,
7322421416454851849,4K老人在客厅服药或补充维生素,unknown,0,
7322432939525016882,石灰和水一起熟化。,unknown,0,
7322558813440068914,母亲握着儿子的手,unknown,26000,https://v9-artist.vlabvod.com/4198da112137cc516d6a9cbac0c87ee8/69b128e6/video/tos/cn/tos-cn-v-436d67/ogzCDACeWQAMMNggNU8nhMIh9k1QnbXBD6Ilof/?a=4066&ch=0&cr=0&dr=0&er=0&cd=0%7C0%7C0%7C0&br=326&bt=326&cs=0&ds=1&ft=yg8SInYYwAGRXbMxqfuJwFU268agXn9BM5ThRiZcEnJNR7mmlNzt_Nqq0D6UxMf&mime_type=video_mp4&qs=0&rc=OTM5MzxpOGc2NDY2O2RmZkBpM2o5Zzk6Zjc0cDMzNDZlM0BhXzMuMV81XjAxX2EzLjYxYSNtajAwcjQwM2NgLS1kYDBzcw%3D%3D&btag=c0000e00010000&dy_q=1772613197&feature_id=59cb2766d89ae6284516c6a254e9fb61&l=202603041633164231FB0AEA3D42AA74D8
7322563841089408295,日落时分，一个女人在森林里散步。慢动作,unknown,0,
7322591729880698175,实时垂直拍摄:香港夜晚的城市街道,unknown,0,
7322596346169429275,夜间照明的高速公路动脉:夜间高架道路上繁忙的交通。亚特兰大市中心连接器，GA。航空镜头与静态相机运动,unknown,15000,https://v26-artist.vlabvod.com/c8535bba3f6084f090971d05c6d51db9/69b128cd/video/tos/cn/tos-cn-v-436d67/o0qs68PkgEIHVJg52hXAQAz4eeeefkg54y9sYZ/?a=4066&ch=0&cr=0&dr=0&er=0&cd=0%7C0%7C0%7C0&br=537&bt=537&cs=0&ds=1&ft=yg8SInYYwAGRXbMxqfuJwFU268agD29BM5ThRiZcEnJNR7mmlNzt_Nqq0D6UxMf&mime_type=video_mp4&qs=0&rc=NTpmZDo2Ojs2OTU2ODo1aUBpajt4dTc6ZjpxcDMzNDZlM0BgXy02Ml9gNi0xYzEtYV80YSMxZl4wcjRva2JgLS1kYDBzcw%3D%3D&btag=c0000e00008000&dy_q=1772613183&feature_id=59cb2766d89ae6284516c6a254e9fb61&l=20260304163303714D3E93D5CE940C230E
7322666921269218598,厨师将胡椒粉倒在菜上,unknown,0,
7322686724168011035,4K静态拍摄大群被疏散的野生海鸥在海边日落的天空中飞翔，天际线背景是远洋客轮和轮船。,unknown,12000,https://v6-artist.vlabvod.com/8091a4999a67b24f7d98deabc81e7fe5/69b128d5/video/tos/cn/tos-cn-v-436d67/oMZem8BCQgNNMoCZKbMcfIg1l98CAnpYngDgCA/?a=4066&ch=0&cr=0&dr=0&er=0&cd=0%7C0%7C0%7C0&br=1089&bt=1089&cs=0&ds=1&ft=yg8SInYYwAGRXbMxqfuJwFU268agZn9BM5ThRiZcEnJNR7mmlNzt_Nqq0D6UxMf&mime_type=video_mp4&qs=0&rc=ZGY5OzloOzs8NDplNTRnaEBpamZkMzk6ZjkzcDMzNDZlM0BgLl8wXmE0XzAxLi81MGIxYSNtLzA0cjRfaGNgLS1kYGFzcw%3D%3D&btag=c0000e00008000&dy_q=1772613194&feature_id=59cb2766d89ae6284516c6a254e9fb61&l=20260304163313712D460A87C93AA1D9B7
7322695866463046966,雨后的桥墙在森林里的秋天,unknown,8000,https://v6-artist.vlabvod.com/08636d3380a9835e6eeb3de68782cd9f/69b128d1/video/tos/cn/tos-cn-v-436d67/oAQgIgALNEZnCWnlf8eubW8P8QM8vDCgCdldBn/?a=4066&ch=0&cr=0&dr=0&er=0&cd=0%7C0%7C0%7C0&br=1172&bt=1172&cs=0&ds=1&ft=yg8SInYYwAGRXbMxqfuJwFU268agZn9BM5ThRiZcEnJNR7mmlNzt_Nqq0D6UxMf&mime_type=video_mp4&qs=0&rc=aDxlaDVnNGZpMzY8OjY2O0BpM2VsczY6ZmU4cDMzNDZlM0BeMGEvYjJeNmIxNi8zYWE2YSNjcXE0cjRvNWNgLS1kYC9zcw%3D%3D&btag=c0000e00008000&dy_q=1772613194&feature_id=59cb2766d89ae6284516c6a254e9fb61&l=20260304163313712D460A87C93AA1D9B7
7322703843605663015,美丽的千岛湖自然景观，位于中国浙江省杭州淳安。,unknown,28000,https://v6-artist.vlabvod.com/13df36a1f7e77715ba3f856283ea42c8/69b128e5/video/tos/cn/tos-cn-v-436d67/oQSgbMtHLIaB4YB5GCP816eDEgnQePFe4AbYXn/?a=4066&ch=0&cr=0&dr=0&er=0&cd=0%7C0%7C0%7C0&br=419&bt=419&cs=0&ds=1&ft=yg8SInYYwAGRXbMxqfuJwFU268agZn9BM5ThRiZcEnJNR7mmlNzt_Nqq0D6UxMf&mime_type=video_mp4&qs=0&rc=O2czaTM0NWU6aTQ0OzM8NEBpamw0bmg6Zmg5cDMzNDZlM0AzMDIyLWMtXjIxMGEzNS8xYSNqcHJjcjQwY2NgLS1kYGFzcw%3D%3D&btag=c0000e00010000&dy_q=1772613194&feature_id=59cb2766d89ae6284516c6a254e9fb61&l=20260304163313712D460A87C93AA1D9B7
7322750863812873523,沙滩上的美女慢镜头,unknown,0,
7322759768462970139,大猩猩,unknown,7000,https://v9-artist.vlabvod.com/d319fdd298c53b96a5bf9baf7b4121c1/69b128d3/video/tos/cn/tos-cn-v-436d67/o0bfbpcCnBA8NreQTIS5QwC50uggIlYOn8NAD1/?a=4066&ch=0&cr=0&dr=0&er=0&cd=0%7C0%7C0%7C0&br=816&bt=816&cs=0&ds=1&ft=yg8SInYYwAGRXbMxqfuJwFU268agXn9BM5ThRiZcEnJNR7mmlNzt_Nqq0D6UxMf&mime_type=video_mp4&qs=0&rc=ZDU2ZmQ5aDpnZTk4ZDRkO0Bpamdncjc6Zjo8cDMzNDZlM0BfXzEuMWIvX2IxLy1hLWMuYSM0NnAycjQwZGNgLS1kYC9zcw%3D%3D&btag=c0000e00008000&dy_q=1772613197&feature_id=59cb2766d89ae6284516c6a254e9fb61&l=202603041633164231FB0AEA3D42AA74D8
7322760569721785654,把手机绿屏放在家里的支架上。,unknown,19000,https://v26-artist.vlabvod.com/dc246d6809318f681855f014567b41f7/69b128d1/video/tos/cn/tos-cn-v-436d67/oI58fOenHInxFDECbprgbDDalgEZNDqACjhwQB/?a=4066&ch=0&cr=0&dr=0&er=0&cd=0%7C0%7C0%7C0&br=125&bt=125&cs=0&ds=1&ft=yg8SInYYwAGRXbMxqfuJwFU268agD29BM5ThRiZcEnJNR7mmlNzt_Nqq0D6UxMf&mime_type=video_mp4&qs=0&rc=aThoNDU1PGlkZWg2NGQ0OkBpajpvajQ6ZmtqcDMzNDZlM0BfMi8xNi0zNWMxNjBeMS9hYSNocmJqcjRfYWNgLS1kYC9zcw%3D%3D&btag=c0000e00010000&dy_q=1772613183&feature_id=59cb2766d89ae6284516c6a254e9fb61&l=20260304163303714D3E93D5CE940C230E
7322787053102566694,飞越惊涛骇浪,unknown,30000,https://v9-artist.vlabvod.com/bb07402db657e96c13b1a2ec8ea572f0/69b128ea/video/tos/cn/tos-cn-v-436d67/ogWAIa2RfnF8OgE3IZeZBbLQa4fAzCZPEFbugD/?a=4066&ch=0&cr=0&dr=0&er=0&cd=0%7C0%7C0%7C0&br=1150&bt=1150&cs=0&ds=1&ft=yg8SInYYwAGRXbMxqfuJwFU268agXn9BM5ThRiZcEnJNR7mmlNzt_Nqq0D6UxMf&mime_type=video_mp4&qs=0&rc=ZGc1ZjdlN2g8OGc1NWU5NEBpM21lZmY6ZjpmcDMzNDZlM0BjMy9gNDVgNWExYmA2Yi5gYSNvcy1ocjRvZGNgLS1kYGFzcw%3D%3D&btag=c0000e00010000&dy_q=1772613197&feature_id=59cb2766d89ae6284516c6a254e9fb61&l=202603041633164231FB0AEA3D42AA74D8
7322828219986578738,雪花飘落在树上的慢镜头是美丽的冬季景色,unknown,0,
7322842825740045594,片尾石板在摄影棚拍摄背景,unknown,12000,https://v6-artist.vlabvod.com/5b3f37709cdce20568093a0fc8166078/69b128d3/video/tos/cn/tos-cn-v-436d67/o8QBpNBlbnfJ6eqaHoUnwgK8CyAbCFYYYIBhDv/?a=4066&ch=0&cr=0&dr=0&er=0&cd=0%7C0%7C0%7C0&br=220&bt=220&cs=0&ds=1&ft=yg8SInYYwAGRXbMxqfuJwFU268agun9BM5ThRiZcEnJNR7mmlNzt_Nqq0D6UxMf&mime_type=video_mp4&qs=0&rc=aGk7Mzg0aDQ0PDY3Ojs5OEBpM3NrNzY6ZjRpcDMzNDZlM0AyLS8zX2BiNi0xMzQvXl82YSNeXjJqcjRfcWNgLS1kYC9zcw%3D%3D&btag=c0000e00008000&dy_q=1772613192&feature_id=59cb2766d89ae6284516c6a254e9fb61&l=2026030416331156B8050ACD97694DFDE0
7322858002082467083,女士咨询乳腺医生，发现乳腺肿瘤，预防癌症,unknown,11000,https://v26-artist.vlabvod.com/5db99e2d401072dfd4778be77f81dac8/69b128c6/video/tos/cn/tos-cn-v-436d67/ogDNmkIALVS6pfnyBgbaeMCNKKQW9F0KA4nlm8/?a=4066&ch=0&cr=0&dr=0&er=0&cd=0%7C0%7C0%7C0&br=239&bt=239&cs=0&ds=1&ft=yg8SInYYwAGRXbMxqfuJwFU268agO29BM5ThRiZcEnJNR7mmlNzt_Nqq0D6UxMf&mime_type=video_mp4&qs=0&rc=M2c0MzpoOTo8NjY0OzlkZ0BpamVnOjg6ZjVycDMzNDZlM0AuLy9jMV4wNV8xLl41NV8uYSMzZl5ncjRnMmNgLS1kYGFzcw%3D%3D&btag=c0000e00008000&dy_q=1772613180&feature_id=59cb2766d89ae6284516c6a254e9fb61&l=20260304163259102D8CF1272B8DAF2715
7322859023894727977,惊涛骇浪冲刷海岸线的超级慢动作。低沉的海浪冲击着岩石海岸,unknown,0,
7322871281324510502,通往佐治亚州亚特兰大市中心的高速公路上夜间交通拥挤。高速公路两旁排列着摩天大楼和砖房。航空镜头与静态相机运动,unknown,17000,https://v9-artist.vlabvod.com/c640f05fe3e43c589b3c85593539fc17/69b128dd/video/tos/cn/tos-cn-v-436d67/oYCNzhg8IWlI278LEBglIDfrGnvaVAteKuCnJD/?a=4066&ch=0&cr=0&dr=0&er=0&cd=0%7C0%7C0%7C0&br=272&bt=272&cs=0&ds=1&ft=yg8SInYYwAGRXbMxqfuJwFU268agXn9BM5ThRiZcEnJNR7mmlNzt_Nqq0D6UxMf&mime_type=video_mp4&qs=0&rc=PGVpZDk3MzlmN2g3M2Y4OUBpajttNGQ6ZjR2cDMzNDZlM0AyYy0wMzYxX14xYy0tLTIxYSNrYGtfcjRvNmNgLS1kYDBzcw%3D%3D&btag=c0000e00010000&dy_q=1772613197&feature_id=59cb2766d89ae6284516c6a254e9fb61&l=202603041633164231FB0AEA3D42AA74D8
7322874557948235071,现实的社交媒体点赞或喜欢图标与透明的背景,unknown,8000,https://v9-artist.vlabvod.com/f9ef2e265e8ece3b409476c1b620fbdd/69b128d4/video/tos/cn/tos-cn-v-436d67/oMhymbGeIACtaEagByzg26tNCBfbqb0zAd5sQC/?a=4066&ch=0&cr=0&dr=0&er=0&cd=0%7C0%7C0%7C0&br=101&bt=101&cs=0&ds=1&ft=yg8SInYYwAGRXbMxqfuJwFU268agXn9BM5ThRiZcEnJNR7mmlNzt_Nqq0D6UxMf&mime_type=video_mp4&qs=0&rc=MzM8aTRnMzRpZzY6OGU8NkBpM2RydzU6ZnAzcDMzNDZlM0AvYDEzLy8zXjMxNS4yYmItYSNxb2hqcjRfb2RgLS1kYC9zcw%3D%3D&btag=c0000e00008000&dy_q=1772613197&feature_id=59cb2766d89ae6284516c6a254e9fb61&l=202603041633164231FB0AEA3D42AA74D8
7322931748558408998,建筑停车场的氛围,unknown,0,
7322936648579157286,穿着飘逸的白色衣服的女人跑过麦田,unknown,17000,https://v9-artist.vlabvod.com/8248efb506f80841c6ee67e79e362944/69b128dd/video/tos/cn/tos-cn-v-436d67/oMIgEOAGNYRoCznlWeWnbes78mM8hDQgNdEoBM/?a=4066&ch=0&cr=0&dr=0&er=0&cd=0%7C0%7C0%7C0&br=449&bt=449&cs=0&ds=1&ft=yg8SInYYwAGRXbMxqfuJwFU268agXn9BM5ThRiZcEnJNR7mmlNzt_Nqq0D6UxMf&mime_type=video_mp4&qs=0&rc=NWY7M2lpNzQ3ZTtoOjc6ZUBpM3g1cTk6Zjs3cDMzNDZlM0AzNC42YTEvNi4xMl9hXy9gYSNycWEycjRfZ2RgLS1kYGFzcw%3D%3D&btag=c0000e00010000&dy_q=1772613197&feature_id=59cb2766d89ae6284516c6a254e9fb61&l=202603041633164231FB0AEA3D42AA74D8
7322946693421387045,在混凝土墙上移动粒子的电影背景。带有移动和闪烁粒子的抽象背景。美丽放松的背景。,unknown,0,
7323191240122453284,蓝天白云,unknown,0,
7323202354403118386,在办公室工作的商务人士,unknown,22000,https://v6-artist.vlabvod.com/a16c90a781e5f85293c5347200bf7e80/69b128dc/video/tos/cn/tos-cn-ve-3011c800/oAxhLTbhjFGSQEyINBfyCDyzgJCzGAPbtI0e4C/?a=4066&ch=0&cr=0&dr=0&er=0&cd=0%7C0%7C0%7C0&br=2548&bt=2548&cs=0&ds=4&ft=yg8SInYYwAGRXbMxqfuJwFU268agun9BM5ThRiZcEnJNR7mmlNzt_Nqq0D6UxMf&mime_type=video_mp4&qs=0&rc=aDVpNGVkOGY0NTVlNzs0ZkBpamtlazU6ZjhqcDMzNDZlM0AxYS4wNWFeNl8xMTNiYDRgYSMxZV42cjRvb2RgLS1kYC9zcw%3D%3D&btag=c0000e00010000&dy_q=1772613191&feature_id=f0150a16a324336cda5d6dd0b69ed299&l=2026030416331156B8050ACD97694DFDE0
7323211559939870002,可爱的家养波斯银栗躺在房间的床上休息。猫看相机和旁边。快乐可爱的宠物和呆在家里的概念。懒惰的动物的,unknown,28000,https://v26-artist.vlabvod.com/8b5dae374f6a0997658d79476d5a0610/69b11d2a/video/tos/cn/tos-cn-v-436d67/oAyIADYPbfCQLFFbhKKQei87UHZn4CeAaHyBx0/?a=4066&ch=0&cr=0&dr=0&er=0&cd=0%7C0%7C0%7C0&br=148&bt=148&cs=0&ds=1&ft=yg8SInYYwAGRXbMxqfuJwFU268agcm9BM5ThRiZcEnJNR7mmlNzt_Nqq0D6UxMf&mime_type=video_mp4&qs=0&rc=ZjdkOjo6aTZnZmkzNDU0O0BpajY4dGY6ZmprcDMzNDZlM0BfLzFhLy81NTIxMC82XjQuYSNmaGQucjQwY2RgLS1kYGFzcw%3D%3D&btag=c0000e00010000&dy_q=1772610191&feature_id=59cb2766d89ae6284516c6a254e9fb61&l=2026030415431018D0987D1B44CFAB1DFC
7323219926607596850,老板祈祷同事在视频通话中表现出色,unknown,14000,https://v26-artist.vlabvod.com/7f648a88ebf84d040fcf1da519ed91dd/69b128c9/video/tos/cn/tos-cn-v-436d67/oAeQnbDG4DSaI5HpTLLA8CthQPbjFxeAeBNiV2/?a=4066&ch=0&cr=0&dr=0&er=0&cd=0%7C0%7C0%7C0&br=212&bt=212&cs=0&ds=1&ft=yg8SInYYwAGRXbMxqfuJwFU268agO29BM5ThRiZcEnJNR7mmlNzt_Nqq0D6UxMf&mime_type=video_mp4&qs=0&rc=ZTY3Zjw1NzU7ZmY6ODxoZUBpM25vaDM6ZjRrcDMzNDZlM0AyYmAyM2NfXjAxMGNgMzZjYSNkcm5ucjRnc2RgLS1kYGFzcw%3D%3D&btag=c0000e00008000&dy_q=1772613180&feature_id=59cb2766d89ae6284516c6a254e9fb61&l=20260304163259102D8CF1272B8DAF2715
7323226110970432805,日落时宁静的芦苇空镜,unknown,11000,https://v9-artist.vlabvod.com/4935d6e7ae644304ef1609fd3cd376b7/69b128d7/video/tos/cn/tos-cn-v-436d67/oUl7QKBlAggIfVNA0DaMbZVCCTWnoeOBQN0AJ8/?a=4066&ch=0&cr=0&dr=0&er=0&cd=0%7C0%7C0%7C0&br=622&bt=622&cs=0&ds=1&ft=yg8SInYYwAGRXbMxqfuJwFU268agXn9BM5ThRiZcEnJNR7mmlNzt_Nqq0D6UxMf&mime_type=video_mp4&qs=0&rc=aDRpODRkZGk2OTZlNjlnZUBpM2RtaTo6Zm5qcDMzNDZlM0AyYy5iY2IxXl4xY2AtNTU1YSNkaGA2cjRvLWRgLS1kYGFzcw%3D%3D&btag=c0000e00008000&dy_q=1772613197&feature_id=59cb2766d89ae6284516c6a254e9fb61&l=202603041633164231FB0AEA3D42AA74D8
7323228599975300378,成年妇女在后院里。,unknown,8000,https://v6-artist.vlabvod.com/d945688433f0a7b1ff483702f4037182/69b128d1/video/tos/cn/tos-cn-ve-3011c800/owCQhflhK0IVzJCBGNwBJVeDgNhIASZECyy2IH/?a=4066&ch=0&cr=0&dr=0&er=0&cd=0%7C0%7C0%7C0&br=1543&bt=1543&cs=0&ds=4&ft=yg8SInYYwAGRXbMxqfuJwFU268agZn9BM5ThRiZcEnJNR7mmlNzt_Nqq0D6UxMf&mime_type=video_mp4&qs=0&rc=ZmZpZTc0Zjo8ZWdoODk8N0BpajV0ZjY6ZmpscDMzNDZlM0A2Yl9hYS0uXjUxLTEwLzViYSMwXjMxcjRnXmRgLS1kYGFzcw%3D%3D&btag=c0000e00008000&dy_q=1772613194&feature_id=f0150a16a324336cda5d6dd0b69ed299&l=20260304163313712D460A87C93AA1D9B7
7323244455723552010,白色的蒲公英田在夏日阳光明媚的日子映衬着天空的白云,unknown,13000,https://v6-artist.vlabvod.com/fa61ad20af703243cae6807f644b4e67/69b128d6/video/tos/cn/tos-cn-v-436d67/o8nFEDLgSIio1eA8jCeblwzbPRD0BNgCClQUCA/?a=4066&ch=0&cr=0&dr=0&er=0&cd=0%7C0%7C0%7C0&br=986&bt=986&cs=0&ds=1&ft=yg8SInYYwAGRXbMxqfuJwFU268agZn9BM5ThRiZcEnJNR7mmlNzt_Nqq0D6UxMf&mime_type=video_mp4&qs=0&rc=N2ZoaDk5ZTY8aGU7PGllM0BpM2szajg6ZmducDMzNDZlM0AtYTFeNTVgXi8xMWBjYGMvYSNxZWtkcjRfNmRgLS1kYC9zcw%3D%3D&btag=c0000e00008000&dy_q=1772613194&feature_id=59cb2766d89ae6284516c6a254e9fb61&l=20260304163313712D460A87C93AA1D9B7
7323248462265404722,雪花落在绿幕上,unknown,0,
7323289569703562534,油漆刷擦开和关闭过渡。油墨风格哑光过渡。你可以使用它们作为光磨，在叠加模式下视频之间的过渡。墨水刷Strok。色度键，Alpha通道(透明),unknown,0,
7323290374397611273,动画移动到右边的线性图标,unknown,6000,https://v9-artist.vlabvod.com/adabf5dc409797622346c96887f59294/69b128d3/video/tos/cn/tos-cn-v-436d67/o00BfCEPLCARlmf4HetwQFgc4B2D2Q8AMbQGFk/?a=4066&ch=0&cr=0&dr=0&er=0&cd=0%7C0%7C0%7C0&br=63&bt=63&cs=0&ds=1&ft=yg8SInYYwAGRXbMxqfuJwFU268agXn9BM5ThRiZcEnJNR7mmlNzt_Nqq0D6UxMf&mime_type=video_mp4&qs=0&rc=NGU2OTc4OTM3aTM6OTdoZkBpanN1cjU6ZmZycDMzNDZlM0A1YF9fLS8xNjIxYWM0MDMuYSNiY2AycjRnLWRgLS1kYC9zcw%3D%3D&btag=c0000e00008000&dy_q=1772613197&feature_id=59cb2766d89ae6284516c6a254e9fb61&l=202603041633164231FB0AEA3D42AA74D8
7323291238046731571,垃圾墨水溢出屏幕飞溅抽象效果薄膜颗粒,unknown,10000,https://v6-artist.vlabvod.com/5178a02fb4cb20c9473c28f852a8a324/69b128d3/video/tos/cn/tos-cn-v-436d67/og6oRbHFnAdlez98qDDIZ6QWoBDI6QPgDeNdCC/?a=4066&ch=0&cr=0&dr=0&er=0&cd=0%7C0%7C0%7C0&br=465&bt=465&cs=0&ds=1&ft=yg8SInYYwAGRXbMxqfuJwFU268agZn9BM5ThRiZcEnJNR7mmlNzt_Nqq0D6UxMf&mime_type=video_mp4&qs=0&rc=NDU3NDQ4ZmQ5N2g3OTM5O0BpMzZ0ajQ6ZmRzcDMzNDZlM0BhNWExYy81NmMxL2ExM2EuYSNoY2tycjRnLmRgLS1kYDBzcw%3D%3D&btag=c0000e00008000&dy_q=1772613194&feature_id=59cb2766d89ae6284516c6a254e9fb61&l=20260304163313712D460A87C93AA1D9B7
7323294537055554866,广州城市天际线夜景航拍图。创意视频没有广告和商标,unknown,21000,https://v26-artist.vlabvod.com/f881a8340eadb728e62abf2d5353f9d2/69b128d0/video/tos/cn/tos-cn-v-436d67/o8oUQMeG8cCcJwohAgnCIZoTNdlghBe8DYDtb2/?a=4066&ch=0&cr=0&dr=0&er=0&cd=0%7C0%7C0%7C0&br=782&bt=782&cs=0&ds=1&ft=yg8SInYYwAGRXbMxqfuJwFU268agO29BM5ThRiZcEnJNR7mmlNzt_Nqq0D6UxMf&mime_type=video_mp4&qs=0&rc=OGg0Ozc7NTllPDQ3M2g7aEBpM3J0ZTw6ZnFycDMzNDZlM0BjX14xLjZiNjIxYzUvYDM0YSMwaGZrcjQwYGRgLS1kYC9zcw%3D%3D&btag=c0000e00010000&dy_q=1772613180&feature_id=59cb2766d89ae6284516c6a254e9fb61&l=20260304163259102D8CF1272B8DAF2715
7323305371144129818,黑色背景图片。黑色的壁纸,unknown,1000,https://v26-artist.vlabvod.com/85b8fc36d7d59a8e59777c7324a56f79/69b128bd/video/tos/cn/tos-cn-v-436d67/9a1d0851ad1347409a1efedb53b23698/?a=4066&ch=0&cr=0&dr=0&er=0&cd=0%7C0%7C0%7C0&br=397&bt=397&cs=0&ds=3&ft=yg8SInYYwAGRXbMxqfuJwFU268agO29BM5ThRiZcEnJNR7mmlNzt_Nqq0D6UxMf&mime_type=video_mp4&qs=0&rc=OzMzPDs4ZTwzMzRkMzVlZkBpanByc2t5ZnlzNTMzNDZlM0A0YTReMy4vNWAxYGAzNV9jYSMzaGFeX2FlNm9gLS1kYC9zcw%3D%3D&btag=c0000e00008000&dy_q=1772613180&l=20260304163259102D8CF1272B8DAF2715
7323313086012591370,"乌克兰,喀尔巴阡山。秋山中晨雾的时间流逝。风景有雪山和流动的雾。",unknown,31000,https://v6-artist.vlabvod.com/0b724c0b5330b169138a780887218e5c/69b128e8/video/tos/cn/tos-cn-v-436d67/oYKGzhg9IbyNu9egEBh6EDfgm0FniANMHKCMTv/?a=4066&ch=0&cr=0&dr=0&er=0&cd=0%7C0%7C0%7C0&br=230&bt=230&cs=0&ds=1&ft=yg8SInYYwAGRXbMxqfuJwFU268agZn9BM5ThRiZcEnJNR7mmlNzt_Nqq0D6UxMf&mime_type=video_mp4&qs=0&rc=OTwzNDg2Mzo4NTo6ODw1aEBpajdwczo6ZnFycDMzNDZlM0BfNjJeYDIuXmExLWMyYy0wYSMvcGthcjRnZ2RgLS1kYDBzcw%3D%3D&btag=c0000e00018000&dy_q=1772613194&feature_id=59cb2766d89ae6284516c6a254e9fb61&l=20260304163313712D460A87C93AA1D9B7
7323316926749412645,宠物的爱。在街上发现一只可爱的小狐狸狗。,unknown,14000,https://v26-artist.vlabvod.com/9523424d0db86991d0e1dc3041b3c4bf/69b11d1c/video/tos/cn/tos-cn-v-436d67/oU4hRygEDxnCoNueZuBdalmqTgtAN8PQIsrebG/?a=4066&ch=0&cr=0&dr=0&er=0&cd=0%7C0%7C0%7C0&br=587&bt=587&cs=0&ds=1&ft=yg8SInYYwAGRXbMxqfuJwFU268agcm9BM5ThRiZcEnJNR7mmlNzt_Nqq0D6UxMf&mime_type=video_mp4&qs=0&rc=NjY3PGlnO2Y6Z2U7ZDVnOEBpang3ZTw6ZmZzcDMzNDZlM0BfXzYvNTNhNjExXjEyNTAxYSM1M2tvcjRfaWRgLS1kYGFzcw%3D%3D&btag=c0000e00008000&dy_q=1772610191&feature_id=59cb2766d89ae6284516c6a254e9fb61&l=2026030415431018D0987D1B44CFAB1DFC
7323319103924538675,一个女性旅行者坐在秋千上看美丽的景色和日出在早上的缓慢动作,unknown,0,
7323322291272666406,墨水喷溅在屏幕上,unknown,0,
7323325077989149962,男性的手移动小麦种植在种植园上的特写。一个年轻人穿过麦田，轻轻地抚摸着金黄的麦穗。阳光在背景。后视图慢动作,unknown,14000,https://v9-artist.vlabvod.com/a2ea4d43b4c6b24b04ffaf3a8eeff829/69b128da/video/tos/cn/tos-cn-v-436d67/oUbLmVbV4enQPDCDELeevQv4B0DYIACbyjgaqF/?a=4066&ch=0&cr=0&dr=0&er=0&cd=0%7C0%7C0%7C0&br=1111&bt=1111&cs=0&ds=1&ft=yg8SInYYwAGRXbMxqfuJwFU268agXn9BM5ThRiZcEnJNR7mmlNzt_Nqq0D6UxMf&mime_type=video_mp4&qs=0&rc=PDo0aWZlNDRoaDc2NzhoaUBpM2t4bWc6ZmVzcDMzNDZlM0BiLjJhYWAwXl4xLmEzX15jYSNxaS1ucjRvY2RgLS1kYGFzcw%3D%3D&btag=c0000e00008000&dy_q=1772613197&feature_id=59cb2766d89ae6284516c6a254e9fb61&l=202603041633164231FB0AEA3D42AA74D8
7323336090612567322,深圳市景航拍视频,unknown,14000,https://v9-artist.vlabvod.com/5b3b3a5751d80056aa8118677ffb3829/69b128da/video/tos/cn/tos-cn-v-436d67/oUsaXxgWLDp9ZDplCiguIXQDb68deBANCnENoe/?a=4066&ch=0&cr=0&dr=0&er=0&cd=0%7C0%7C0%7C0&br=1128&bt=1128&cs=0&ds=1&ft=yg8SInYYwAGRXbMxqfuJwFU268agXn9BM5ThRiZcEnJNR7mmlNzt_Nqq0D6UxMf&mime_type=video_mp4&qs=0&rc=ODplMzg1ZzlkM2Y0Z2RnZEBpajRxZzU6ZmV0cDMzNDZlM0AuMGEyY140NWMxLWAuLjRhYSM1ZTEzcjQwcWRgLS1kYGFzcw%3D%3D&btag=c0000e00008000&dy_q=1772613197&feature_id=59cb2766d89ae6284516c6a254e9fb61&l=202603041633164231FB0AEA3D42AA74D8
7323348201895988517,自然河流附近。树上的绿叶在风中摇曳，倒映在水面上，阳光透过树叶照耀着。早晨河水水面。森林中的宁静与自然之美。景观,unknown,26000,https://v9-artist.vlabvod.com/a636b4d377753da2bc41e74f5e73d619/69b128e6/video/tos/cn/tos-cn-v-436d67/oQ4GeBhhGClNlAWAwgQOJEt0IC7yqOzvlHCAfB/?a=4066&ch=0&cr=0&dr=0&er=0&cd=0%7C0%7C0%7C0&br=543&bt=543&cs=0&ds=1&ft=yg8SInYYwAGRXbMxqfuJwFU268agXn9BM5ThRiZcEnJNR7mmlNzt_Nqq0D6UxMf&mime_type=video_mp4&qs=0&rc=NGlpNmZkNjw2Ojk2ZjNnOkBpMzlkc2g6ZjZ2cDMzNDZlM0AyNV4vYTYzX2ExYmAyYi4vYSMtXmFxcjRnLWRgLS1kYC9zcw%3D%3D&btag=c0000e00010000&dy_q=1772613197&feature_id=59cb2766d89ae6284516c6a254e9fb61&l=202603041633164231FB0AEA3D42AA74D8
7323353448643153203,模拟电视的噪声。视频错误数字故障噪音静态电视视觉特效包。,unknown,10000,https://v9-artist.vlabvod.com/ac64c17dbfc9170c896ecb825cae1cc1/69b128d6/video/tos/cn/tos-cn-v-436d67/oceDiQBxlSA9MvEhBCeDg4nL8oCNdoXEIGbhCQ/?a=4066&ch=0&cr=0&dr=0&er=0&cd=0%7C0%7C0%7C0&br=1144&bt=1144&cs=0&ds=1&ft=yg8SInYYwAGRXbMxqfuJwFU268agXn9BM5ThRiZcEnJNR7mmlNzt_Nqq0D6UxMf&mime_type=video_mp4&qs=0&rc=N2dnN2k0Njs2ZzpmOzlpZkBpamlscTQ6ZjVqcDMzNDZlM0BgYC42MTNjNmIxLi4yXl5iYSNsMGQucjRvcGRgLS1kYC9zcw%3D%3D&btag=c0000e00008000&dy_q=1772613197&feature_id=59cb2766d89ae6284516c6a254e9fb61&l=202603041633164231FB0AEA3D42AA74D8
7323362641362046246,英俊成熟的男人在办公室,unknown,0,
7323372250600656165,德国杜塞尔多夫-航拍,unknown,28000,https://v9-artist.vlabvod.com/987869ac6cc75f685a9539771125e7f5/69b128e8/video/tos/cn/tos-cn-v-436d67/oIOCNlPXotsD8IeNACIsDJBbaoYgAeQnbcNB8R/?a=4066&ch=0&cr=0&dr=0&er=0&cd=0%7C0%7C0%7C0&br=251&bt=251&cs=0&ds=1&ft=yg8SInYYwAGRXbMxqfuJwFU268agXn9BM5ThRiZcEnJNR7mmlNzt_Nqq0D6UxMf&mime_type=video_mp4&qs=0&rc=ZWY6Zjw0NzdoOjw3OjtpN0BpMzRqdzc6ZnBrcDMzNDZlM0AzLWBhLV8xXjExY2I0XjJfYSNzcGZpcjRnLWRgLS1kYGFzcw%3D%3D&btag=c0000e00010000&dy_q=1772613197&feature_id=59cb2766d89ae6284516c6a254e9fb61&l=202603041633164231FB0AEA3D42AA74D8
7323374707531713819,在乡下的牧场上，一只长着白色皮毛的羊在沉思叹气。宠物头特写,unknown,23000,https://v26-artist.vlabvod.com/31f4d1c05916654e1ff4fcdfef52ead7/69b11d25/video/tos/cn/tos-cn-v-436d67/oYhNIfhgCP9G3zPZElEAzAKjqwhe0ycCgLBhIQ/?a=4066&ch=0&cr=0&dr=0&er=0&cd=0%7C0%7C0%7C0&br=260&bt=260&cs=0&ds=1&ft=yg8SInYYwAGRXbMxqfuJwFU268agcm9BM5ThRiZcEnJNR7mmlNzt_Nqq0D6UxMf&mime_type=video_mp4&qs=0&rc=Njw5OTo6OzxnaWc6OjZkZkBpanNpN2k6ZnNrcDMzNDZlM0A1MzMzLS02Xi8xYV5jNWFeYSNmbjEtcjRnLmRgLS1kYC9zcw%3D%3D&btag=c0000e00010000&dy_q=1772610191&feature_id=59cb2766d89ae6284516c6a254e9fb61&l=2026030415431018D0987D1B44CFAB1DFC
7323378529901563175,单头雄性南非水牛,unknown,3000,https://v26-artist.vlabvod.com/a6eb51f4ca6b2852fe65aa03051988f1/69b128be/video/tos/cn/tos-cn-ve-3011c800/e601fe6d1ebe49abb58b5407057e72ce/?a=4066&ch=0&cr=0&dr=0&er=0&cd=0%7C0%7C0%7C0&br=1216&bt=1216&cs=0&ds=4&ft=yg8SInYYwAGRXbMxqfuJwFU268agO29BM5ThRiZcEnJNR7mmlNzt_Nqq0D6UxMf&mime_type=video_mp4&qs=0&rc=NDtoZjZpNWg4N2ZmZTtmM0BpM2Q5c25tcGR5NjMzNDZlM0AtX2M2NV9hXi0xLzReLV8zYSMxZzA1MmlxLjFgLS1kYC9zcw%3D%3D&btag=c0000e00008000&dy_q=1772613180&l=20260304163259102D8CF1272B8DAF2715
7323379371358620966,抽象动画背景的发光蓝色粒子，美丽的发光粒子在液体流的效果，像墨水溶于水的效果。光磨作为alpha通道。,unknown,0,
7323380653582486811,Alpha(透明)通道，4K手绘动画液体过渡动画，2D动画，漫画，Flash FX，漫画元素，背景，预渲染，滴，墨水，画笔，水，理想的游戏开发者，电影，卡通，视频音乐，事件,unknown,0,
7323384926626188554,抽象的线框模型环背景,unknown,0,
7323386296796237093,动画橙色的霓虹线条旋转抽象的背景。,unknown,0,
7323411696180088076,手绘笔触，彩绘的背景,unknown,6000,https://v26-artist.vlabvod.com/a67e5af54f2b594fdd7bb29bc6471256/69b128c4/video/tos/cn/tos-cn-v-436d67/824ae89223dd466e9046333fb830eacc/?a=4066&ch=0&cr=0&dr=0&er=0&cd=0%7C0%7C0%7C0&br=299&bt=299&cs=0&ds=2&ft=yg8SInYYwAGRXbMxqfuJwFU268agD29BM5ThRiZcEnJNR7mmlNzt_Nqq0D6UxMf&mime_type=video_mp4&qs=0&rc=NGhlODtlOTZoaGg1Z2dlOEBpM3Y6OjZ1b3Z0NTMzNDZlM0BhX2NiNGEvNl8xXjY0NmBiYSMtY21ycS5hLm9gLS1kYC9zcw%3D%3D&btag=c0000e00008000&dy_q=1772613183&l=20260304163303714D3E93D5CE940C230E
7323429209907547442,绿屏,unknown,1000,https://v6-artist.vlabvod.com/2f0fb9e7380ee865c0b4bf310f218a13/69b128c7/video/tos/cn/tos-cn-v-436d67/cc4436627d504935bc0cfc982633ad7d/?a=4066&ch=0&cr=0&dr=0&er=0&cd=0%7C0%7C0%7C0&br=323&bt=323&cs=0&ds=2&ft=yg8SInYYwAGRXbMxqfuJwFU268agun9BM5ThRiZcEnJNR7mmlNzt_Nqq0D6UxMf&mime_type=video_mp4&qs=0&rc=PGU7ZjlnODVkZWc1NTk3OkBpM2hnajNtd3FzNTMzNDZlM0BhLTY0NjI0NS4xX2M2MF8vYSNyby9vMW9vbG9gLS1kYC9zcw%3D%3D&btag=c0000e00008000&dy_q=1772613191&l=2026030416331156B8050ACD97694DFDE0
7323544717969427721,室内设计时尚的儿童房空间，白色的书桌，木制玩具，儿童配件，白色的灯，舒适的装饰和挂在米色墙壁上的棉花旗。模板。,unknown,1000,https://v6-artist.vlabvod.com/2f0fb9e7380ee865c0b4bf310f218a13/69b128c7/video/tos/cn/tos-cn-v-436d67/cc4436627d504935bc0cfc982633ad7d/?a=4066&ch=0&cr=0&dr=0&er=0&cd=0%7C0%7C0%7C0&br=323&bt=323&cs=0&ds=2&ft=yg8SInYYwAGRXbMxqfuJwFU268agun9BM5ThRiZcEnJNR7mmlNzt_Nqq0D6UxMf&mime_type=video_mp4&qs=0&rc=PGU7ZjlnODVkZWc1NTk3OkBpM2hnajNtd3FzNTMzNDZlM0BhLTY0NjI0NS4xX2M2MF8vYSNyby9vMW9vbG9gLS1kYC9zcw%3D%3D&btag=c0000e00008000&dy_q=1772613191&l=2026030416331156B8050ACD97694DFDE0
7323584240753462579,淡蓝色。纯色。背景。纯色背景。空间背景。副本的空间。,unknown,1000,https://v26-artist.vlabvod.com/f1102458b4a76145a439114b7ea5ad82/69b128bc/video/tos/cn/tos-cn-ve-3011c800/a816ab5f339e4f7d8103fe7986787bc1/?a=4066&ch=0&cr=0&dr=0&er=0&cd=0%7C0%7C0%7C0&br=1658&bt=1658&cs=0&ds=4&ft=yg8SInYYwAGRXbMxqfuJwFU268agO29BM5ThRiZcEnJNR7mmlNzt_Nqq0D6UxMf&mime_type=video_mp4&qs=0&rc=Zzg5M2U3Z2g7Ojs3OTY2ZkBpamlscTc6ZmtvZjMzNDZlM0BhLy82LjZjXzAxLV8uL2E1YSNiNWEucjRfYmlgLS1kYDBzcw%3D%3D&btag=c0000e00008000&dy_q=1772613180&l=20260304163259102D8CF1272B8DAF2715
7323630397659565353,普通默认的红色纯色背景模板，没有任何空白空间，工作室房间，用于展示广告产品网站模板,unknown,16000,https://v26-artist.vlabvod.com/e3ebe0a7652894f20c3f8b9a16d1c810/69b128ce/video/tos/cn/tos-cn-v-436d67/oU8bZOHpOEfSf7Ey47KyatAgP2Fe4BA6ZCFLjR/?a=4066&ch=0&cr=0&dr=0&er=0&cd=0%7C0%7C0%7C0&br=528&bt=528&cs=0&ds=1&ft=yg8SInYYwAGRXbMxqfuJwFU268agD29BM5ThRiZcEnJNR7mmlNzt_Nqq0D6UxMf&mime_type=video_mp4&qs=0&rc=Nzc1OWRlMzU2NmU0PGUzM0BpanhoeTY6ZnBrcDMzNDZlM0AyLy9fYmAuXmAxX181NjAtYSNrYGo0cjRfZmJgLS1kYC9zcw%3D%3D&btag=c0000e00010000&dy_q=1772613183&feature_id=59cb2766d89ae6284516c6a254e9fb61&l=20260304163303714D3E93D5CE940C230E
7323718201005624612,中国风背景,unknown,55000,https://v6-artist.vlabvod.com/45ac95f20ea522cdcd600a912481e03f/69b128fe/video/tos/cn/tos-cn-v-436d67/oYbc5hZOClxLIgDIdeKev8TnB0FHnENdzYDCQA/?a=4066&ch=0&cr=0&dr=0&er=0&cd=0%7C0%7C0%7C0&br=877&bt=877&cs=0&ds=1&ft=yg8SInYYwAGRXbMxqfuJwFU268agun9BM5ThRiZcEnJNR7mmlNzt_Nqq0D6UxMf&mime_type=video_mp4&qs=0&rc=ZmhoZWU4ODszZTk4M2Y4ZkBpajRyeGY6ZnE1cDMzNDZlM0BjNWEwNGE1XjExYzA2LmAtYSMwaTRfcjQwbWJgLS1kYDBzcw%3D%3D&btag=c0000e00020000&dy_q=1772613191&feature_id=59cb2766d89ae6284516c6a254e9fb61&l=2026030416331156B8050ACD97694DFDE0
7324148464860941580,蓝绿色闪闪发光的长春花蓝色背景纹理闪闪发光的包装纸，假日季节壁纸装饰，问候和婚礼请柬设计元素,unknown,2000,https://v26-artist.vlabvod.com/2e1cce11a697dd41a2f874cdcddb3152/69b128bd/video/tos/cn/tos-cn-ve-3011c800/2f8158524e6746afacaa88fc5d26c8e6/?a=4066&ch=0&cr=0&dr=0&er=0&cd=0%7C0%7C0%7C0&br=1458&bt=1458&cs=0&ds=4&ft=yg8SInYYwAGRXbMxqfuJwFU268agO29BM5ThRiZcEnJNR7mmlNzt_Nqq0D6UxMf&mime_type=video_mp4&qs=0&rc=ZDVmOzZpOGc5Z2hkZzg6O0BpanM3Z2Y6Zjk1ZjMzNDZlM0BjLi9gMF8yNTMxNmE0MzUzYSNwcm5kcjQwZmpgLS1kYC9zcw%3D%3D&btag=c0000e00008000&dy_q=1772613180&l=20260304163259102D8CF1272B8DAF2715
7324982724974873907,疲惫的欧洲女人坐在包装好的箱子中间。无可救药的年轻姑娘惹上麻烦了,unknown,0,https://p3-heycan-jy-sign.byteimg.com/tos-cn-i-3jr8j4ixpe/cf058abf8c78417faca4323cfd430264~tplv-3jr8j4ixpe-resize:640:640.jpeg?x-expires=1804149180&x-signature=eaGewJ2vGVGC5AfUClbBHbUZvMA%3D
7325010518761065747,中国新年2024海报:折扇与红底樱花-抽象亚洲艺术庆典,unknown,0,
7325062982621269258,黑暗，黑色，黑屏背景,unknown,4000,https://v26-artist.vlabvod.com/ec05fc9059b6973cbb662d9e88794e82/69b128c2/video/tos/cn/tos-cn-ve-3011c800/b9f87809b3ec42faba2ea8df275430f0/?a=4066&ch=0&cr=0&dr=0&er=0&cd=0%7C0%7C0%7C0&br=1345&bt=1345&cs=0&ds=4&ft=yg8SInYYwAGRXbMxqfuJwFU268agD29BM5ThRiZcEnJNR7mmlNzt_Nqq0D6UxMf&mime_type=video_mp4&qs=0&rc=PGg2NDo0NGU2Ozw4Ozg1NUBpanNveGc6Zmo6ZjMzNDZlM0A0XjRfYjEzXy4xNjNeYjViYSMvNGdncjQwaWpgLS1kYDBzcw%3D%3D&btag=c0000e00008000&dy_q=1772613183&l=20260304163303714D3E93D5CE940C230E
7325368375327083826,荷兰阿姆斯特丹与阿姆斯特尔河的夜景,unknown,0,
7325443027500109093,卡特彼勒的蝴蝶,unknown,0,
7325464058755353882,纯白色背景,unknown,1000,https://v26-artist.vlabvod.com/85b8fc36d7d59a8e59777c7324a56f79/69b128bd/video/tos/cn/tos-cn-v-436d67/9a1d0851ad1347409a1efedb53b23698/?a=4066&ch=0&cr=0&dr=0&er=0&cd=0%7C0%7C0%7C0&br=397&bt=397&cs=0&ds=3&ft=yg8SInYYwAGRXbMxqfuJwFU268agO29BM5ThRiZcEnJNR7mmlNzt_Nqq0D6UxMf&mime_type=video_mp4&qs=0&rc=OzMzPDs4ZTwzMzRkMzVlZkBpanByc2t5ZnlzNTMzNDZlM0A0YTReMy4vNWAxYGAzNV9jYSMzaGFeX2FlNm9gLS1kYC9zcw%3D%3D&btag=c0000e00008000&dy_q=1772613180&l=20260304163259102D8CF1272B8DAF2715
7325490550000422194,黑色背景图片,unknown,11000,https://v26-artist.vlabvod.com/5db99e2d401072dfd4778be77f81dac8/69b128c6/video/tos/cn/tos-cn-v-436d67/ogDNmkIALVS6pfnyBgbaeMCNKKQW9F0KA4nlm8/?a=4066&ch=0&cr=0&dr=0&er=0&cd=0%7C0%7C0%7C0&br=239&bt=239&cs=0&ds=1&ft=yg8SInYYwAGRXbMxqfuJwFU268agO29BM5ThRiZcEnJNR7mmlNzt_Nqq0D6UxMf&mime_type=video_mp4&qs=0&rc=M2c0MzpoOTo8NjY0OzlkZ0BpamVnOjg6ZjVycDMzNDZlM0AuLy9jMV4wNV8xLl41NV8uYSMzZl5ncjRnMmNgLS1kYGFzcw%3D%3D&btag=c0000e00008000&dy_q=1772613180&feature_id=59cb2766d89ae6284516c6a254e9fb61&l=20260304163259102D8CF1272B8DAF2715
7325796901436116243,一位中年亚裔华人女性在家里用笔记本电脑写笔记,unknown,1000,https://v26-artist.vlabvod.com/ecde4ee730d9de9586301c7640e14e7c/69b128bf/video/tos/cn/tos-cn-ve-3011c800/29fa4147f6774ce38b25bfdd59a3e039/?a=4066&ch=0&cr=0&dr=0&er=0&cd=0%7C0%7C0%7C0&br=2211&bt=2211&cs=0&ds=4&ft=yg8SInYYwAGRXbMxqfuJwFU268agD29BM5ThRiZcEnJNR7mmlNzt_Nqq0D6UxMf&mime_type=video_mp4&qs=0&rc=OzczOGY4ODY6NTk5Zzc6ZEBpM3Z5bjU6ZmhwZjMzNDZlM0A2Ll42YGMtXl8xYGFgNjVeYSNrci8xcjQwcWpgLS1kYDBzcw%3D%3D&btag=c0000e00008000&dy_q=1772613183&l=20260304163303714D3E93D5CE940C230E
7325843359895948583,商人做拳头泵,unknown,0,
7325874560312544563,女自行车机修工切割和抛光自行车零件。,unknown,28000,https://v6-artist.vlabvod.com/13df36a1f7e77715ba3f856283ea42c8/69b128e5/video/tos/cn/tos-cn-v-436d67/oQSgbMtHLIaB4YB5GCP816eDEgnQePFe4AbYXn/?a=4066&ch=0&cr=0&dr=0&er=0&cd=0%7C0%7C0%7C0&br=419&bt=419&cs=0&ds=1&ft=yg8SInYYwAGRXbMxqfuJwFU268agZn9BM5ThRiZcEnJNR7mmlNzt_Nqq0D6UxMf&mime_type=video_mp4&qs=0&rc=O2czaTM0NWU6aTQ0OzM8NEBpamw0bmg6Zmg5cDMzNDZlM0AzMDIyLWMtXjIxMGEzNS8xYSNqcHJjcjQwY2NgLS1kYGFzcw%3D%3D&btag=c0000e00010000&dy_q=1772613194&feature_id=59cb2766d89ae6284516c6a254e9fb61&l=20260304163313712D460A87C93AA1D9B7
7326039581206367498,男孩做作业,unknown,2000,https://v26-artist.vlabvod.com/cd4a8adfe476eb42ad277dff621b9a68/69b128bd/video/tos/cn/tos-cn-v-436d67/b1f1974a777b481c936a35aad4d01cae/?a=4066&ch=0&cr=0&dr=0&er=0&cd=0%7C0%7C0%7C0&br=478&bt=478&cs=0&ds=3&ft=yg8SInYYwAGRXbMxqfuJwFU268agO29BM5ThRiZcEnJNR7mmlNzt_Nqq0D6UxMf&mime_type=video_mp4&qs=0&rc=PGU1OWQ5OGY2PGk0NDk8NEBpanF3bjo6Zm02ZjMzNDZlM0BgNTQtNWAxXl4xYzItL19hYSMvLzFhcjQwX2ZgLS1kYC9zcw%3D%3D&btag=c0000e00008000&dy_q=1772613180&l=20260304163259102D8CF1272B8DAF2715
7326119050482912562,快乐的年轻女子看着相机,unknown,55000,https://v6-artist.vlabvod.com/45ac95f20ea522cdcd600a912481e03f/69b128fe/video/tos/cn/tos-cn-v-436d67/oYbc5hZOClxLIgDIdeKev8TnB0FHnENdzYDCQA/?a=4066&ch=0&cr=0&dr=0&er=0&cd=0%7C0%7C0%7C0&br=877&bt=877&cs=0&ds=1&ft=yg8SInYYwAGRXbMxqfuJwFU268agun9BM5ThRiZcEnJNR7mmlNzt_Nqq0D6UxMf&mime_type=video_mp4&qs=0&rc=ZmhoZWU4ODszZTk4M2Y4ZkBpajRyeGY6ZnE1cDMzNDZlM0BjNWEwNGE1XjExYzA2LmAtYSMwaTRfcjQwbWJgLS1kYDBzcw%3D%3D&btag=c0000e00020000&dy_q=1772613191&feature_id=59cb2766d89ae6284516c6a254e9fb61&l=2026030416331156B8050ACD97694DFDE0
7326150464020466981,卡通肮脏的狗,unknown,0,
7326258962465148197,黄色纯色背景与哑光纹理。壁纸的设计,unknown,2000,https://v26-artist.vlabvod.com/cd4a8adfe476eb42ad277dff621b9a68/69b128bd/video/tos/cn/tos-cn-v-436d67/b1f1974a777b481c936a35aad4d01cae/?a=4066&ch=0&cr=0&dr=0&er=0&cd=0%7C0%7C0%7C0&br=478&bt=478&cs=0&ds=3&ft=yg8SInYYwAGRXbMxqfuJwFU268agO29BM5ThRiZcEnJNR7mmlNzt_Nqq0D6UxMf&mime_type=video_mp4&qs=0&rc=PGU1OWQ5OGY2PGk0NDk8NEBpanF3bjo6Zm02ZjMzNDZlM0BgNTQtNWAxXl4xYzItL19hYSMvLzFhcjQwX2ZgLS1kYC9zcw%3D%3D&btag=c0000e00008000&dy_q=1772613180&l=20260304163259102D8CF1272B8DAF2715
7326371265743179045,学校硬件项目,unknown,0,
7326420877162057011,穿着衣服的孕妇,unknown,0,
7326517768042351891,散焦背景灯,unknown,28000,https://v6-artist.vlabvod.com/13df36a1f7e77715ba3f856283ea42c8/69b128e5/video/tos/cn/tos-cn-v-436d67/oQSgbMtHLIaB4YB5GCP816eDEgnQePFe4AbYXn/?a=4066&ch=0&cr=0&dr=0&er=0&cd=0%7C0%7C0%7C0&br=419&bt=419&cs=0&ds=1&ft=yg8SInYYwAGRXbMxqfuJwFU268agZn9BM5ThRiZcEnJNR7mmlNzt_Nqq0D6UxMf&mime_type=video_mp4&qs=0&rc=O2czaTM0NWU6aTQ0OzM8NEBpamw0bmg6Zmg5cDMzNDZlM0AzMDIyLWMtXjIxMGEzNS8xYSNqcHJjcjQwY2NgLS1kYGFzcw%3D%3D&btag=c0000e00010000&dy_q=1772613194&feature_id=59cb2766d89ae6284516c6a254e9fb61&l=20260304163313712D460A87C93AA1D9B7
7326971409253633292,丰富多彩的绘画背景-抽象的色彩设计,unknown,1000,https://v26-artist.vlabvod.com/ecde4ee730d9de9586301c7640e14e7c/69b128bf/video/tos/cn/tos-cn-ve-3011c800/29fa4147f6774ce38b25bfdd59a3e039/?a=4066&ch=0&cr=0&dr=0&er=0&cd=0%7C0%7C0%7C0&br=2211&bt=2211&cs=0&ds=4&ft=yg8SInYYwAGRXbMxqfuJwFU268agD29BM5ThRiZcEnJNR7mmlNzt_Nqq0D6UxMf&mime_type=video_mp4&qs=0&rc=OzczOGY4ODY6NTk5Zzc6ZEBpM3Z5bjU6ZmhwZjMzNDZlM0A2Ll42YGMtXl8xYGFgNjVeYSNrci8xcjQwcWpgLS1kYDBzcw%3D%3D&btag=c0000e00008000&dy_q=1772613183&l=20260304163303714D3E93D5CE940C230E
7327203228733558066,结束,unknown,15000,https://v26-artist.vlabvod.com/c8535bba3f6084f090971d05c6d51db9/69b128cd/video/tos/cn/tos-cn-v-436d67/o0qs68PkgEIHVJg52hXAQAz4eeeefkg54y9sYZ/?a=4066&ch=0&cr=0&dr=0&er=0&cd=0%7C0%7C0%7C0&br=537&bt=537&cs=0&ds=1&ft=yg8SInYYwAGRXbMxqfuJwFU268agD29BM5ThRiZcEnJNR7mmlNzt_Nqq0D6UxMf&mime_type=video_mp4&qs=0&rc=NTpmZDo2Ojs2OTU2ODo1aUBpajt4dTc6ZjpxcDMzNDZlM0BgXy02Ml9gNi0xYzEtYV80YSMxZl4wcjRva2JgLS1kYDBzcw%3D%3D&btag=c0000e00008000&dy_q=1772613183&feature_id=59cb2766d89ae6284516c6a254e9fb61&l=20260304163303714D3E93D5CE940C230E
7327414873070013746,三只蟋蟀伪装在绿叶上,unknown,10000,https://v6-artist.vlabvod.com/06235ac2102c2de719eb89c9e2ec3587/69b128d3/video/tos/cn/tos-cn-ve-3011c800/ocALvHL2LBEOFtCTFPCkzffO4AYAEi2be4hQuR/?a=4066&ch=0&cr=0&dr=0&er=0&cd=0%7C0%7C0%7C0&br=1171&bt=1171&cs=0&ds=4&ft=yg8SInYYwAGRXbMxqfuJwFU268agZn9BM5ThRiZcEnJNR7mmlNzt_Nqq0D6UxMf&mime_type=video_mp4&qs=0&rc=ZzRoaDY8PGRoZThmNzlpO0BpM3d1NDU6ZjM4cDMzNDZlM0BhL2AwNWAvNjQxNGJiLTQ0YSNpXy5hcjRfamJgLS1kYC9zcw%3D%3D&btag=c0000e00008000&dy_q=1772613194&feature_id=f0150a16a324336cda5d6dd0b69ed299&l=20260304163313712D460A87C93AA1D9B7
7327434464395660598,巴拿马的天际线,unknown,6000,https://v26-artist.vlabvod.com/a67e5af54f2b594fdd7bb29bc6471256/69b128c4/video/tos/cn/tos-cn-v-436d67/824ae89223dd466e9046333fb830eacc/?a=4066&ch=0&cr=0&dr=0&er=0&cd=0%7C0%7C0%7C0&br=299&bt=299&cs=0&ds=2&ft=yg8SInYYwAGRXbMxqfuJwFU268agD29BM5ThRiZcEnJNR7mmlNzt_Nqq0D6UxMf&mime_type=video_mp4&qs=0&rc=NGhlODtlOTZoaGg1Z2dlOEBpM3Y6OjZ1b3Z0NTMzNDZlM0BhX2NiNGEvNl8xXjY0NmBiYSMtY21ycS5hLm9gLS1kYC9zcw%3D%3D&btag=c0000e00008000&dy_q=1772613183&l=20260304163303714D3E93D5CE940C230E
7327485220922477836,蓖麻,unknown,10000,https://v6-artist.vlabvod.com/06235ac2102c2de719eb89c9e2ec3587/69b128d3/video/tos/cn/tos-cn-ve-3011c800/ocALvHL2LBEOFtCTFPCkzffO4AYAEi2be4hQuR/?a=4066&ch=0&cr=0&dr=0&er=0&cd=0%7C0%7C0%7C0&br=1171&bt=1171&cs=0&ds=4&ft=yg8SInYYwAGRXbMxqfuJwFU268agZn9BM5ThRiZcEnJNR7mmlNzt_Nqq0D6UxMf&mime_type=video_mp4&qs=0&rc=ZzRoaDY8PGRoZThmNzlpO0BpM3d1NDU6ZjM4cDMzNDZlM0BhL2AwNWAvNjQxNGJiLTQ0YSNpXy5hcjRfamJgLS1kYC9zcw%3D%3D&btag=c0000e00008000&dy_q=1772613194&feature_id=f0150a16a324336cda5d6dd0b69ed299&l=20260304163313712D460A87C93AA1D9B7
7327610401699482906,男性的手在抓东西,unknown,15000,https://v26-artist.vlabvod.com/c8535bba3f6084f090971d05c6d51db9/69b128cd/video/tos/cn/tos-cn-v-436d67/o0qs68PkgEIHVJg52hXAQAz4eeeefkg54y9sYZ/?a=4066&ch=0&cr=0&dr=0&er=0&cd=0%7C0%7C0%7C0&br=537&bt=537&cs=0&ds=1&ft=yg8SInYYwAGRXbMxqfuJwFU268agD29BM5ThRiZcEnJNR7mmlNzt_Nqq0D6UxMf&mime_type=video_mp4&qs=0&rc=NTpmZDo2Ojs2OTU2ODo1aUBpajt4dTc6ZjpxcDMzNDZlM0BgXy02Ml9gNi0xYzEtYV80YSMxZl4wcjRva2JgLS1kYDBzcw%3D%3D&btag=c0000e00008000&dy_q=1772613183&feature_id=59cb2766d89ae6284516c6a254e9fb61&l=20260304163303714D3E93D5CE940C230E
7327652938078227763,微笑的商人竖起大拇指,unknown,2000,https://v26-artist.vlabvod.com/2e1cce11a697dd41a2f874cdcddb3152/69b128bd/video/tos/cn/tos-cn-ve-3011c800/2f8158524e6746afacaa88fc5d26c8e6/?a=4066&ch=0&cr=0&dr=0&er=0&cd=0%7C0%7C0%7C0&br=1458&bt=1458&cs=0&ds=4&ft=yg8SInYYwAGRXbMxqfuJwFU268agO29BM5ThRiZcEnJNR7mmlNzt_Nqq0D6UxMf&mime_type=video_mp4&qs=0&rc=ZDVmOzZpOGc5Z2hkZzg6O0BpanM3Z2Y6Zjk1ZjMzNDZlM0BjLi9gMF8yNTMxNmE0MzUzYSNwcm5kcjQwZmpgLS1kYC9zcw%3D%3D&btag=c0000e00008000&dy_q=1772613180&l=20260304163259102D8CF1272B8DAF2715
7327807285890157887,女人的手(隔离),unknown,8000,https://v6-artist.vlabvod.com/4d31410998db3f2f2ebdc7eb38a0f503/69b128ce/video/tos/cn/tos-cn-v-436d67/o4IaEDATGbMzCZzyEfuzt9mmr3IeohFgNUE3Bb/?a=4066&ch=0&cr=0&dr=0&er=0&cd=0%7C0%7C0%7C0&br=201&bt=201&cs=0&ds=1&ft=yg8SInYYwAGRXbMxqfuJwFU268agun9BM5ThRiZcEnJNR7mmlNzt_Nqq0D6UxMf&mime_type=video_mp4&qs=0&rc=NGk6MzM6Njg6ZmY6OjMzOUBpandrPDs6Zm48cDMzNDZlM0AyLy1jMTZeXzIxLzIxYGEtYSNpNmUvcjRfa2BgLS1kYGFzcw%3D%3D&btag=c0000e00008000&dy_q=1772613191&feature_id=59cb2766d89ae6284516c6a254e9fb61&l=2026030416331156B8050ACD97694DFDE0
7328051885745769740,竖起大拇指!,unknown,21000,https://v9-artist.vlabvod.com/fd539174ac2ef71bf158dab8f0844e46/69b128e1/video/tos/cn/tos-cn-v-436d67/oQuAWf4ACPHd30aeeB5TAeiH2LN0AZ42wYEWZn/?a=4066&ch=0&cr=0&dr=0&er=0&cd=0%7C0%7C0%7C0&br=1216&bt=1216&cs=0&ds=1&ft=yg8SInYYwAGRXbMxqfuJwFU268agXn9BM5ThRiZcEnJNR7mmlNzt_Nqq0D6UxMf&mime_type=video_mp4&qs=0&rc=Ojo1NTk3Zjw8ZjpoZTQ4NkBpM3F1djw6ZnFzcDMzNDZlM0A2Li40YWFjXjExMjA2L2E2YSMtai1qcjQwc2JgLS1kYGFzcw%3D%3D&btag=c0000e00010000&dy_q=1772613197&feature_id=59cb2766d89ae6284516c6a254e9fb61&l=202603041633164231FB0AEA3D42AA74D8
7328182351580744999,有限预算建设投资,unknown,4000,https://v26-artist.vlabvod.com/d2014dab5774ed080d4eab9125aadd5c/69b128c2/video/tos/cn/tos-cn-ve-3011c800/dc103e7eadc64a7ab446a7d1f12ab0ea/?a=4066&ch=0&cr=0&dr=0&er=0&cd=0%7C0%7C0%7C0&br=1977&bt=1977&cs=0&ds=4&ft=yg8SInYYwAGRXbMxqfuJwFU268agD29BM5ThRiZcEnJNR7mmlNzt_Nqq0D6UxMf&mime_type=video_mp4&qs=0&rc=NzVlOGQ4NDRkNjs3Njg3OUBpamxoaDM6ZnRtZjMzNDZlM0BgMTM0MV4vNi4xLzM0Mi4xYSNxMGFfcjRnc2pgLS1kYC9zcw%3D%3D&btag=c0000e00008000&dy_q=1772613183&l=20260304163303714D3E93D5CE940C230E
7328195987984502052,婚礼汽车装饰,unknown,0,
7328305792459820298,绿色池塘里的鳄鱼,unknown,0,
7328379535257275667,我能做什么写在笔记本页上的文字,unknown,0,
7328390436962209043,乌云,unknown,0,
7328468328983432489,睡在床上的中年美女,unknown,12000,https://v6-artist.vlabvod.com/8091a4999a67b24f7d98deabc81e7fe5/69b128d5/video/tos/cn/tos-cn-v-436d67/oMZem8BCQgNNMoCZKbMcfIg1l98CAnpYngDgCA/?a=4066&ch=0&cr=0&dr=0&er=0&cd=0%7C0%7C0%7C0&br=1089&bt=1089&cs=0&ds=1&ft=yg8SInYYwAGRXbMxqfuJwFU268agZn9BM5ThRiZcEnJNR7mmlNzt_Nqq0D6UxMf&mime_type=video_mp4&qs=0&rc=ZGY5OzloOzs8NDplNTRnaEBpamZkMzk6ZjkzcDMzNDZlM0BgLl8wXmE0XzAxLi81MGIxYSNtLzA0cjRfaGNgLS1kYGFzcw%3D%3D&btag=c0000e00008000&dy_q=1772613194&feature_id=59cb2766d89ae6284516c6a254e9fb61&l=20260304163313712D460A87C93AA1D9B7
7328492661201980710,二人乡村家庭晚餐。,unknown,12000,https://v6-artist.vlabvod.com/5b3f37709cdce20568093a0fc8166078/69b128d3/video/tos/cn/tos-cn-v-436d67/o8QBpNBlbnfJ6eqaHoUnwgK8CyAbCFYYYIBhDv/?a=4066&ch=0&cr=0&dr=0&er=0&cd=0%7C0%7C0%7C0&br=220&bt=220&cs=0&ds=1&ft=yg8SInYYwAGRXbMxqfuJwFU268agun9BM5ThRiZcEnJNR7mmlNzt_Nqq0D6UxMf&mime_type=video_mp4&qs=0&rc=aGk7Mzg0aDQ0PDY3Ojs5OEBpM3NrNzY6ZjRpcDMzNDZlM0AyLS8zX2BiNi0xMzQvXl82YSNeXjJqcjRfcWNgLS1kYC9zcw%3D%3D&btag=c0000e00008000&dy_q=1772613192&feature_id=59cb2766d89ae6284516c6a254e9fb61&l=2026030416331156B8050ACD97694DFDE0
7328528084519390515,游泳池边，没人。旅游的概念,unknown,11000,https://v6-artist.vlabvod.com/d15f18d8607dbbdbb82f3d44bddc6553/69b128d1/video/tos/cn/tos-cn-ve-3011c800/oEdQAOPQdELC4CfKJa2Cb2cUXefwyL49FHBA9I/?a=4066&ch=0&cr=0&dr=0&er=0&cd=0%7C0%7C0%7C0&br=1865&bt=1865&cs=0&ds=4&ft=yg8SInYYwAGRXbMxqfuJwFU268agun9BM5ThRiZcEnJNR7mmlNzt_Nqq0D6UxMf&mime_type=video_mp4&qs=0&rc=NmU2ZzlnaDQ0ZzZpZTM3NkBpM3l3czo6Zm04cDMzNDZlM0BfMmNjNi9hX2IxMTQxNmA2YSMtcy5qcjRnZmJgLS1kYGFzcw%3D%3D&btag=c0000e00008000&dy_q=1772613191&feature_id=f0150a16a324336cda5d6dd0b69ed299&l=2026030416331156B8050ACD97694DFDE0
7331032023290744115,红色画布纹理背景,unknown,4000,https://v26-artist.vlabvod.com/d2014dab5774ed080d4eab9125aadd5c/69b128c2/video/tos/cn/tos-cn-ve-3011c800/dc103e7eadc64a7ab446a7d1f12ab0ea/?a=4066&ch=0&cr=0&dr=0&er=0&cd=0%7C0%7C0%7C0&br=1977&bt=1977&cs=0&ds=4&ft=yg8SInYYwAGRXbMxqfuJwFU268agD29BM5ThRiZcEnJNR7mmlNzt_Nqq0D6UxMf&mime_type=video_mp4&qs=0&rc=NzVlOGQ4NDRkNjs3Njg3OUBpamxoaDM6ZnRtZjMzNDZlM0BgMTM0MV4vNi4xLzM0Mi4xYSNxMGFfcjRnc2pgLS1kYC9zcw%3D%3D&btag=c0000e00008000&dy_q=1772613183&l=20260304163303714D3E93D5CE940C230E
7331209883141934374,草原风景,unknown,0,
7331226322619878693,典型的克罗地亚伊斯特拉海岸景色,unknown,0,
7331235024148204827,我爱你,unknown,30000,https://v9-artist.vlabvod.com/0b7e7bafc3ef88300f06688253e22cdd/69b128ea/video/tos/cn/tos-cn-v-436d67/o0IdsrfD4pLYsOhe1ee5Qezch4ZyghsIEQAX9Z/?a=4066&ch=0&cr=0&dr=0&er=0&cd=0%7C0%7C0%7C0&br=141&bt=141&cs=0&ds=1&ft=yg8SInYYwAGRXbMxqfuJwFU268agXn9BM5ThRiZcEnJNR7mmlNzt_Nqq0D6UxMf&mime_type=video_mp4&qs=0&rc=Z2g3Ojc6ZWU5ODk0ZWg7OkBpMzl4dzw6ZnM0cDMzNDZlM0A0YC01YWNfNi8xNGFfLi8wYSNjMW1ncjRnYmJgLS1kYC9zcw%3D%3D&btag=c0000e00018000&dy_q=1772613197&feature_id=59cb2766d89ae6284516c6a254e9fb61&l=202603041633164231FB0AEA3D42AA74D8
7331283801894554907,密切的手的业务伙伴，人们交叉手结束会议显示团结在办公桌上，业务团队的概念,unknown,0,https://p3-heycan-jy-sign.byteimg.com/tos-cn-i-3jr8j4ixpe/9f688a723a0841549ecf32c51d3d4759~tplv-3jr8j4ixpe-resize:640:640.jpeg?x-expires=1804149197&x-signature=XFmuut%2F8F5rYRHrwZQ3mcda1IBA%3D
7331300194413268233,浪漫的干花在坚实的背景,unknown,9000,https://v6-artist.vlabvod.com/25504eb06e1c4d727a0834cff640ffd7/69b128cf/video/tos/cn/tos-cn-ve-3011c800/73d8b892d15946bcba59e213a4311fed/?a=4066&ch=0&cr=0&dr=0&er=0&cd=0%7C0%7C0%7C0&br=638&bt=638&cs=0&ds=2&ft=yg8SInYYwAGRXbMxqfuJwFU268agun9BM5ThRiZcEnJNR7mmlNzt_Nqq0D6UxMf&mime_type=video_mp4&qs=0&rc=aTNkZjY7PGZkOzNoN2RnaEBpajhsbjQ6ZnQ6ZjMzNDZlM0BiMWMtYC0tNWIxYjZeNDJgYSMucDJgcjRfcmRgLS1kYC9zcw%3D%3D&btag=c0000e00008000&dy_q=1772613191&l=2026030416331156B8050ACD97694DFDE0
7331329410622098726,商务人士握手互相问候，互相了解。,unknown,9000,https://v6-artist.vlabvod.com/25504eb06e1c4d727a0834cff640ffd7/69b128cf/video/tos/cn/tos-cn-ve-3011c800/73d8b892d15946bcba59e213a4311fed/?a=4066&ch=0&cr=0&dr=0&er=0&cd=0%7C0%7C0%7C0&br=638&bt=638&cs=0&ds=2&ft=yg8SInYYwAGRXbMxqfuJwFU268agun9BM5ThRiZcEnJNR7mmlNzt_Nqq0D6UxMf&mime_type=video_mp4&qs=0&rc=aTNkZjY7PGZkOzNoN2RnaEBpajhsbjQ6ZnQ6ZjMzNDZlM0BiMWMtYC0tNWIxYjZeNDJgYSMucDJgcjRfcmRgLS1kYC9zcw%3D%3D&btag=c0000e00008000&dy_q=1772613191&l=2026030416331156B8050ACD97694DFDE0
7331335001243454731,拍板在背景的大海,unknown,8000,https://v6-artist.vlabvod.com/4d31410998db3f2f2ebdc7eb38a0f503/69b128ce/video/tos/cn/tos-cn-v-436d67/o4IaEDATGbMzCZzyEfuzt9mmr3IeohFgNUE3Bb/?a=4066&ch=0&cr=0&dr=0&er=0&cd=0%7C0%7C0%7C0&br=201&bt=201&cs=0&ds=1&ft=yg8SInYYwAGRXbMxqfuJwFU268agun9BM5ThRiZcEnJNR7mmlNzt_Nqq0D6UxMf&mime_type=video_mp4&qs=0&rc=NGk6MzM6Njg6ZmY6OjMzOUBpandrPDs6Zm48cDMzNDZlM0AyLy1jMTZeXzIxLzIxYGEtYSNpNmUvcjRfa2BgLS1kYGFzcw%3D%3D&btag=c0000e00008000&dy_q=1772613191&feature_id=59cb2766d89ae6284516c6a254e9fb61&l=2026030416331156B8050ACD97694DFDE0
7331338141254683943,绿色纯色背景与哑光纹理。壁纸的设计,unknown,1000,https://v26-artist.vlabvod.com/f1102458b4a76145a439114b7ea5ad82/69b128bc/video/tos/cn/tos-cn-ve-3011c800/a816ab5f339e4f7d8103fe7986787bc1/?a=4066&ch=0&cr=0&dr=0&er=0&cd=0%7C0%7C0%7C0&br=1658&bt=1658&cs=0&ds=4&ft=yg8SInYYwAGRXbMxqfuJwFU268agO29BM5ThRiZcEnJNR7mmlNzt_Nqq0D6UxMf&mime_type=video_mp4&qs=0&rc=Zzg5M2U3Z2g7Ojs3OTY2ZkBpamlscTc6ZmtvZjMzNDZlM0BhLy82LjZjXzAxLV8uL2E1YSNiNWEucjRfYmlgLS1kYDBzcw%3D%3D&btag=c0000e00008000&dy_q=1772613180&l=20260304163259102D8CF1272B8DAF2715
7331366366315859237,水彩彩色的手绘背景。中性色调的水彩印刷和网络项目，如婚礼请柬，品牌，贺卡，社交媒体和许多其他用途。,unknown,6000,https://v26-artist.vlabvod.com/a67e5af54f2b594fdd7bb29bc6471256/69b128c4/video/tos/cn/tos-cn-v-436d67/824ae89223dd466e9046333fb830eacc/?a=4066&ch=0&cr=0&dr=0&er=0&cd=0%7C0%7C0%7C0&br=299&bt=299&cs=0&ds=2&ft=yg8SInYYwAGRXbMxqfuJwFU268agD29BM5ThRiZcEnJNR7mmlNzt_Nqq0D6UxMf&mime_type=video_mp4&qs=0&rc=NGhlODtlOTZoaGg1Z2dlOEBpM3Y6OjZ1b3Z0NTMzNDZlM0BhX2NiNGEvNl8xXjY0NmBiYSMtY21ycS5hLm9gLS1kYC9zcw%3D%3D&btag=c0000e00008000&dy_q=1772613183&l=20260304163303714D3E93D5CE940C230E
7331367380276284683,水彩风格闪闪发光美丽的背景插图,unknown,12000,https://v6-artist.vlabvod.com/8091a4999a67b24f7d98deabc81e7fe5/69b128d5/video/tos/cn/tos-cn-v-436d67/oMZem8BCQgNNMoCZKbMcfIg1l98CAnpYngDgCA/?a=4066&ch=0&cr=0&dr=0&er=0&cd=0%7C0%7C0%7C0&br=1089&bt=1089&cs=0&ds=1&ft=yg8SInYYwAGRXbMxqfuJwFU268agZn9BM5ThRiZcEnJNR7mmlNzt_Nqq0D6UxMf&mime_type=video_mp4&qs=0&rc=ZGY5OzloOzs8NDplNTRnaEBpamZkMzk6ZjkzcDMzNDZlM0BgLl8wXmE0XzAxLi81MGIxYSNtLzA0cjRfaGNgLS1kYGFzcw%3D%3D&btag=c0000e00008000&dy_q=1772613194&feature_id=59cb2766d89ae6284516c6a254e9fb61&l=20260304163313712D460A87C93AA1D9B7
7331368151231253770,"水彩背景纹理抽象。Ery peri, 2022年的流行色。纸画艺术创意质感",unknown,21000,https://v6-artist.vlabvod.com/5f96fbf7015bbab1d62c02ae10681b41/69b128db/video/tos/cn/tos-cn-v-436d67/oQuAWf4ACPHd30aeeB5TAeiH2LN0AZ42wYEWZn/?a=4066&ch=0&cr=0&dr=0&er=0&cd=0%7C0%7C0%7C0&br=1216&bt=1216&cs=0&ds=1&ft=yg8SInYYwAGRXbMxqfuJwFU268agun9BM5ThRiZcEnJNR7mmlNzt_Nqq0D6UxMf&mime_type=video_mp4&qs=0&rc=Ojo1NTk3Zjw8ZjpoZTQ4NkBpM3F1djw6ZnFzcDMzNDZlM0A2Li40YWFjXjExMjA2L2E2YSMtai1qcjQwc2JgLS1kYGFzcw%3D%3D&btag=c0000e00010000&dy_q=1772613191&feature_id=59cb2766d89ae6284516c6a254e9fb61&l=2026030416331156B8050ACD97694DFDE0
7331368181308591397,蓝色的海浪和沙子。水彩画和丙烯酸流墨涂画。,unknown,0,
7331369760229281036,抽象水彩画纹理背景，着色水彩画设计,unknown,9000,https://v6-artist.vlabvod.com/25504eb06e1c4d727a0834cff640ffd7/69b128cf/video/tos/cn/tos-cn-ve-3011c800/73d8b892d15946bcba59e213a4311fed/?a=4066&ch=0&cr=0&dr=0&er=0&cd=0%7C0%7C0%7C0&br=638&bt=638&cs=0&ds=2&ft=yg8SInYYwAGRXbMxqfuJwFU268agun9BM5ThRiZcEnJNR7mmlNzt_Nqq0D6UxMf&mime_type=video_mp4&qs=0&rc=aTNkZjY7PGZkOzNoN2RnaEBpajhsbjQ6ZnQ6ZjMzNDZlM0BiMWMtYC0tNWIxYjZeNDJgYSMucDJgcjRfcmRgLS1kYC9zcw%3D%3D&btag=c0000e00008000&dy_q=1772613191&l=2026030416331156B8050ACD97694DFDE0
7331370181513448740,蓝色渐变水彩,unknown,1000,https://v26-artist.vlabvod.com/ecde4ee730d9de9586301c7640e14e7c/69b128bf/video/tos/cn/tos-cn-ve-3011c800/29fa4147f6774ce38b25bfdd59a3e039/?a=4066&ch=0&cr=0&dr=0&er=0&cd=0%7C0%7C0%7C0&br=2211&bt=2211&cs=0&ds=4&ft=yg8SInYYwAGRXbMxqfuJwFU268agD29BM5ThRiZcEnJNR7mmlNzt_Nqq0D6UxMf&mime_type=video_mp4&qs=0&rc=OzczOGY4ODY6NTk5Zzc6ZEBpM3Z5bjU6ZmhwZjMzNDZlM0A2Ll42YGMtXl8xYGFgNjVeYSNrci8xcjQwcWpgLS1kYDBzcw%3D%3D&btag=c0000e00008000&dy_q=1772613183&l=20260304163303714D3E93D5CE940C230E
7331371027362057481,水彩底漆,unknown,0,
7331374869621345573,在美丽的春日结束时，雏菊在春色盎然的草地上盛开,unknown,3000,https://v6-artist.vlabvod.com/92b291f07c594270382f19d94b6192a8/69b128cd/video/tos/cn/tos-cn-ve-3011c800/b69c0f2e1f894adc906552b625f2414e/?a=4066&ch=0&cr=0&dr=0&er=0&cd=0%7C0%7C0%7C0&br=1061&bt=1061&cs=0&ds=1&ft=yg8SInYYwAGRXbMxqfuJwFU268agZn9BM5ThRiZcEnJNR7mmlNzt_Nqq0D6UxMf&mime_type=video_mp4&qs=0&rc=aWg2OzY6aDUzOzdlaDxoM0BpamptbHE4OnVzNTMzNDZlM0A2MmI1LS9gNjExYzUzXjYzYSNoNjVnZGFvYG9gLS1kYC9zcw%3D%3D&btag=c0000e00008000&dy_q=1772613194&l=20260304163313712D460A87C93AA1D9B7
7331384453941480716,桂林漓江自然景观航拍,unknown,0,https://p3-heycan-jy-sign.byteimg.com/tos-cn-i-3jr8j4ixpe/7ac1dae1c1264aeb90c1692d582165ec~tplv-3jr8j4ixpe-resize:640:640.jpeg?x-expires=1804149197&x-signature=h1CyG7KfyAKloK8H9PrlINnelJI%3D
7331387206482857225,冬天即将结束，太阳落在光秃秃的树木和乌云后面,unknown,0,
7331394095778204966,2026年新年快乐的法语插图和烟花,unknown,11000,https://v6-artist.vlabvod.com/1603e65aaedddbb17749ad927c34d270/69b128d5/video/tos/cn/tos-cn-ve-3011c800/o8LadXlD90QfiFJlCtgIN8B8nbkv1e8CAnqBgS/?a=4066&ch=0&cr=0&dr=0&er=0&cd=0%7C0%7C0%7C0&br=2033&bt=2033&cs=0&ds=4&ft=yg8SInYYwAGRXbMxqfuJwFU268agZn9BM5ThRiZcEnJNR7mmlNzt_Nqq0D6UxMf&mime_type=video_mp4&qs=0&rc=NDo4Zjg5MzU1PGU0aDNoZ0Bpaml0bjU6Znd3cDMzNDZlM0BjMF8uYDAwNWMxNTJhNi1hYSNuNi9xcjQwZjJgLS1kYC9zcw%3D%3D&btag=c0000e00008000&dy_q=1772613194&feature_id=f0150a16a324336cda5d6dd0b69ed299&l=20260304163313712D460A87C93AA1D9B7
7331463255027682598,会议结束后，两位愉快的商务人士握手后签约成为合作伙伴，协作团队,unknown,55000,https://v9-artist.vlabvod.com/2668a9ac70d93f40f945630bdae3bd4b/69b12904/video/tos/cn/tos-cn-v-436d67/oYbc5hZOClxLIgDIdeKev8TnB0FHnENdzYDCQA/?a=4066&ch=0&cr=0&dr=0&er=0&cd=0%7C0%7C0%7C0&br=877&bt=877&cs=0&ds=1&ft=yg8SInYYwAGRXbMxqfuJwFU268agXn9BM5ThRiZcEnJNR7mmlNzt_Nqq0D6UxMf&mime_type=video_mp4&qs=0&rc=ZmhoZWU4ODszZTk4M2Y4ZkBpajRyeGY6ZnE1cDMzNDZlM0BjNWEwNGE1XjExYzA2LmAtYSMwaTRfcjQwbWJgLS1kYDBzcw%3D%3D&btag=c0000e00020000&dy_q=1772613197&feature_id=59cb2766d89ae6284516c6a254e9fb61&l=202603041633164231FB0AEA3D42AA74D8
